Secciones de la CNAE 2009	Sexo	Periodo	Total
B_S Todas las secciones	Ambos sexos	2022	26.948,87
B_S Todas las secciones	Ambos sexos	2021	25.896,82
B_S Todas las secciones	Ambos sexos	2020	25.165,51
B_S Todas las secciones	Ambos sexos	2019	24.395,98
B_S Todas las secciones	Ambos sexos	2018	24.009,12
B_S Todas las secciones	Ambos sexos	2017	23.646,5
B_S Todas las secciones	Ambos sexos	2016	23.156,34
B_S Todas las secciones	Ambos sexos	2015	23.106,3
B_S Todas las secciones	Ambos sexos	2014	22.858,17
B_S Todas las secciones	Ambos sexos	2013	22.697,86
B_S Todas las secciones	Ambos sexos	2012	22.726,44
B_S Todas las secciones	Ambos sexos	2011	22.899,35
B_S Todas las secciones	Ambos sexos	2010	22.790,2
B_S Todas las secciones	Ambos sexos	2009	22.511,47
B_S Todas las secciones	Ambos sexos	2008	21.883,42
B_S Todas las secciones	Mujeres	2022	24.359,82
B_S Todas las secciones	Mujeres	2021	23.175,95
B_S Todas las secciones	Mujeres	2020	22.467,48
B_S Todas las secciones	Mujeres	2019	21.682,02
B_S Todas las secciones	Mujeres	2018	21.011,89
B_S Todas las secciones	Mujeres	2017	20.607,85
B_S Todas las secciones	Mujeres	2016	20.131,41
B_S Todas las secciones	Mujeres	2015	20.051,58
B_S Todas las secciones	Mujeres	2014	19.744,82
B_S Todas las secciones	Mujeres	2013	19.514,58
B_S Todas las secciones	Mujeres	2012	19.537,33
B_S Todas las secciones	Mujeres	2011	19.767,59
B_S Todas las secciones	Mujeres	2010	19.735,22
B_S Todas las secciones	Mujeres	2009	19.502,02
B_S Todas las secciones	Mujeres	2008	18.910,62
B_S Todas las secciones	Hombres	2022	29.381,84
B_S Todas las secciones	Hombres	2021	28.388,69
B_S Todas las secciones	Hombres	2020	27.642,52
B_S Todas las secciones	Hombres	2019	26.934,38
B_S Todas las secciones	Hombres	2018	26.738,19
B_S Todas las secciones	Hombres	2017	26.391,84
B_S Todas las secciones	Hombres	2016	25.924,43
B_S Todas las secciones	Hombres	2015	25.992,76
B_S Todas las secciones	Hombres	2014	25.727,24
B_S Todas las secciones	Hombres	2013	25.675,17
B_S Todas las secciones	Hombres	2012	25.682,05
B_S Todas las secciones	Hombres	2011	25.667,89
B_S Todas las secciones	Hombres	2010	25.479,74
B_S Todas las secciones	Hombres	2009	25.001,05
B_S Todas las secciones	Hombres	2008	24.203,33
B Industrias extractivas	Ambos sexos	2022	36.308,58
B Industrias extractivas	Ambos sexos	2021	34.866,39
B Industrias extractivas	Ambos sexos	2020	34.424,68
B Industrias extractivas	Ambos sexos	2019	34.159,42
B Industrias extractivas	Ambos sexos	2018	33.990,57
B Industrias extractivas	Ambos sexos	2017	32.555,75
B Industrias extractivas	Ambos sexos	2016	32.400,69
B Industrias extractivas	Ambos sexos	2015	32.494,07
B Industrias extractivas	Ambos sexos	2014	32.971,21
B Industrias extractivas	Ambos sexos	2013	31.389,5
B Industrias extractivas	Ambos sexos	2012	30.236,84
B Industrias extractivas	Ambos sexos	2011	29.223,47
B Industrias extractivas	Ambos sexos	2010	28.373,35
B Industrias extractivas	Ambos sexos	2009	27.051,36
B Industrias extractivas	Ambos sexos	2008	26.647,03
B Industrias extractivas	Mujeres	2022	-42.851,51
B Industrias extractivas	Mujeres	2021	-41.919,95
B Industrias extractivas	Mujeres	2020	-40.804,11
B Industrias extractivas	Mujeres	2019	-39.732,29
B Industrias extractivas	Mujeres	2018	-38.900,71
B Industrias extractivas	Mujeres	2017	-35.259,06
B Industrias extractivas	Mujeres	2016	-35.133,36
B Industrias extractivas	Mujeres	2015	-36.885,69
B Industrias extractivas	Mujeres	2014	-38.303,3
B Industrias extractivas	Mujeres	2013	-29.485,44
B Industrias extractivas	Mujeres	2012	-27.562,19
B Industrias extractivas	Mujeres	2011	-25.943,52
B Industrias extractivas	Mujeres	2010	-24.728,07
B Industrias extractivas	Mujeres	2009	-26.213,08
B Industrias extractivas	Mujeres	2008	-23.057,4
B Industrias extractivas	Hombres	2022	35.064,02
B Industrias extractivas	Hombres	2021	33.557,99
B Industrias extractivas	Hombres	2020	33.198,8
B Industrias extractivas	Hombres	2019	33.116,69
B Industrias extractivas	Hombres	2018	33.095,45
B Industrias extractivas	Hombres	2017	32.127,49
B Industrias extractivas	Hombres	2016	31.968,68
B Industrias extractivas	Hombres	2015	31.770,89
B Industrias extractivas	Hombres	2014	32.130,12
B Industrias extractivas	Hombres	2013	31.714,85
B Industrias extractivas	Hombres	2012	30.628,55
B Industrias extractivas	Hombres	2011	29.602,06
B Industrias extractivas	Hombres	2010	28.713,18
B Industrias extractivas	Hombres	2009	27.123
B Industrias extractivas	Hombres	2008	26.981,1
C Industria manufacturera	Ambos sexos	2022	30.000,69
C Industria manufacturera	Ambos sexos	2021	28.585,65
C Industria manufacturera	Ambos sexos	2020	27.875,98
C Industria manufacturera	Ambos sexos	2019	27.604,74
C Industria manufacturera	Ambos sexos	2018	27.640,12
C Industria manufacturera	Ambos sexos	2017	27.214,3
C Industria manufacturera	Ambos sexos	2016	26.698,42
C Industria manufacturera	Ambos sexos	2015	26.543,77
C Industria manufacturera	Ambos sexos	2014	26.476,73
C Industria manufacturera	Ambos sexos	2013	26.042,43
C Industria manufacturera	Ambos sexos	2012	25.510,48
C Industria manufacturera	Ambos sexos	2011	25.308,11
C Industria manufacturera	Ambos sexos	2010	24.863,7
C Industria manufacturera	Ambos sexos	2009	23.907,49
C Industria manufacturera	Ambos sexos	2008	23.615,61
C Industria manufacturera	Mujeres	2022	25.932,76
C Industria manufacturera	Mujeres	2021	24.456,75
C Industria manufacturera	Mujeres	2020	23.765,8
C Industria manufacturera	Mujeres	2019	23.339,25
C Industria manufacturera	Mujeres	2018	23.091,83
C Industria manufacturera	Mujeres	2017	22.857,78
C Industria manufacturera	Mujeres	2016	22.261,93
C Industria manufacturera	Mujeres	2015	22.001,02
C Industria manufacturera	Mujeres	2014	21.923,13
C Industria manufacturera	Mujeres	2013	21.464,92
C Industria manufacturera	Mujeres	2012	20.975,22
C Industria manufacturera	Mujeres	2011	20.683,04
C Industria manufacturera	Mujeres	2010	20.584,23
C Industria manufacturera	Mujeres	2009	19.727,98
C Industria manufacturera	Mujeres	2008	19.072,72
C Industria manufacturera	Hombres	2022	31.544,67
C Industria manufacturera	Hombres	2021	30.102,28
C Industria manufacturera	Hombres	2020	29.383,74
C Industria manufacturera	Hombres	2019	29.188,87
C Industria manufacturera	Hombres	2018	29.288,25
C Industria manufacturera	Hombres	2017	28.741,18
C Industria manufacturera	Hombres	2016	28.256,2
C Industria manufacturera	Hombres	2015	28.129,88
C Industria manufacturera	Hombres	2014	28.086,91
C Industria manufacturera	Hombres	2013	27.657,92
C Industria manufacturera	Hombres	2012	27.110,11
C Industria manufacturera	Hombres	2011	26.923,02
C Industria manufacturera	Hombres	2010	26.355,18
C Industria manufacturera	Hombres	2009	25.341,93
C Industria manufacturera	Hombres	2008	25.233,51
D Suministro de energía eléctrica, gas, vapor y aire acondicionado	Ambos sexos	2022	55.470,69
D Suministro de energía eléctrica, gas, vapor y aire acondicionado	Ambos sexos	2021	52.985,83
D Suministro de energía eléctrica, gas, vapor y aire acondicionado	Ambos sexos	2020	53.775,71
D Suministro de energía eléctrica, gas, vapor y aire acondicionado	Ambos sexos	2019	52.162,53
D Suministro de energía eléctrica, gas, vapor y aire acondicionado	Ambos sexos	2018	51.237,33
D Suministro de energía eléctrica, gas, vapor y aire acondicionado	Ambos sexos	2017	52.014,79
D Suministro de energía eléctrica, gas, vapor y aire acondicionado	Ambos sexos	2016	50.992,09
D Suministro de energía eléctrica, gas, vapor y aire acondicionado	Ambos sexos	2015	51.919,72
D Suministro de energía eléctrica, gas, vapor y aire acondicionado	Ambos sexos	2014	51.034,67
D Suministro de energía eléctrica, gas, vapor y aire acondicionado	Ambos sexos	2013	52.827,56
D Suministro de energía eléctrica, gas, vapor y aire acondicionado	Ambos sexos	2012	52.324,67
D Suministro de energía eléctrica, gas, vapor y aire acondicionado	Ambos sexos	2011	50.371,41
D Suministro de energía eléctrica, gas, vapor y aire acondicionado	Ambos sexos	2010	48.803,35
D Suministro de energía eléctrica, gas, vapor y aire acondicionado	Ambos sexos	2009	50.536,7
D Suministro de energía eléctrica, gas, vapor y aire acondicionado	Ambos sexos	2008	48.578,65
D Suministro de energía eléctrica, gas, vapor y aire acondicionado	Mujeres	2022	49.546,23
D Suministro de energía eléctrica, gas, vapor y aire acondicionado	Mujeres	2021	-45.462,89
D Suministro de energía eléctrica, gas, vapor y aire acondicionado	Mujeres	2020	-45.975,8
D Suministro de energía eléctrica, gas, vapor y aire acondicionado	Mujeres	2019	-45.012,17
D Suministro de energía eléctrica, gas, vapor y aire acondicionado	Mujeres	2018	-44.395,92
D Suministro de energía eléctrica, gas, vapor y aire acondicionado	Mujeres	2017	-44.656,93
D Suministro de energía eléctrica, gas, vapor y aire acondicionado	Mujeres	2016	-44.147,19
D Suministro de energía eléctrica, gas, vapor y aire acondicionado	Mujeres	2015	-43.674,19
D Suministro de energía eléctrica, gas, vapor y aire acondicionado	Mujeres	2014	-43.473,8
D Suministro de energía eléctrica, gas, vapor y aire acondicionado	Mujeres	2013	-44.341,93
D Suministro de energía eléctrica, gas, vapor y aire acondicionado	Mujeres	2012	-44.634,43
D Suministro de energía eléctrica, gas, vapor y aire acondicionado	Mujeres	2011	-44.662,78
D Suministro de energía eléctrica, gas, vapor y aire acondicionado	Mujeres	2010	-41.782,57
D Suministro de energía eléctrica, gas, vapor y aire acondicionado	Mujeres	2009	-42.200,77
D Suministro de energía eléctrica, gas, vapor y aire acondicionado	Mujeres	2008	-41.504,03
D Suministro de energía eléctrica, gas, vapor y aire acondicionado	Hombres	2022	57.488,36
D Suministro de energía eléctrica, gas, vapor y aire acondicionado	Hombres	2021	55.829,66
D Suministro de energía eléctrica, gas, vapor y aire acondicionado	Hombres	2020	56.481,61
D Suministro de energía eléctrica, gas, vapor y aire acondicionado	Hombres	2019	54.357,93
D Suministro de energía eléctrica, gas, vapor y aire acondicionado	Hombres	2018	53.379,93
D Suministro de energía eléctrica, gas, vapor y aire acondicionado	Hombres	2017	54.199,45
D Suministro de energía eléctrica, gas, vapor y aire acondicionado	Hombres	2016	52.959,98
D Suministro de energía eléctrica, gas, vapor y aire acondicionado	Hombres	2015	54.024,87
D Suministro de energía eléctrica, gas, vapor y aire acondicionado	Hombres	2014	53.084,89
D Suministro de energía eléctrica, gas, vapor y aire acondicionado	Hombres	2013	55.348,54
D Suministro de energía eléctrica, gas, vapor y aire acondicionado	Hombres	2012	54.195,64
D Suministro de energía eléctrica, gas, vapor y aire acondicionado	Hombres	2011	51.612,34
D Suministro de energía eléctrica, gas, vapor y aire acondicionado	Hombres	2010	50.426,25
D Suministro de energía eléctrica, gas, vapor y aire acondicionado	Hombres	2009	52.190,69
D Suministro de energía eléctrica, gas, vapor y aire acondicionado	Hombres	2008	50.177,13
E Suministro de agua, actividades de saneamiento, gestión de residuos y descontaminación	Ambos sexos	2022	30.444,93
E Suministro de agua, actividades de saneamiento, gestión de residuos y descontaminación	Ambos sexos	2021	29.277,93
E Suministro de agua, actividades de saneamiento, gestión de residuos y descontaminación	Ambos sexos	2020	27.854,25
E Suministro de agua, actividades de saneamiento, gestión de residuos y descontaminación	Ambos sexos	2019	27.486,42
E Suministro de agua, actividades de saneamiento, gestión de residuos y descontaminación	Ambos sexos	2018	27.289,63
E Suministro de agua, actividades de saneamiento, gestión de residuos y descontaminación	Ambos sexos	2017	26.937,32
E Suministro de agua, actividades de saneamiento, gestión de residuos y descontaminación	Ambos sexos	2016	26.319,91
E Suministro de agua, actividades de saneamiento, gestión de residuos y descontaminación	Ambos sexos	2015	26.340,27
E Suministro de agua, actividades de saneamiento, gestión de residuos y descontaminación	Ambos sexos	2014	25.959,23
E Suministro de agua, actividades de saneamiento, gestión de residuos y descontaminación	Ambos sexos	2013	25.291,38
E Suministro de agua, actividades de saneamiento, gestión de residuos y descontaminación	Ambos sexos	2012	25.188,51
E Suministro de agua, actividades de saneamiento, gestión de residuos y descontaminación	Ambos sexos	2011	25.570,26
E Suministro de agua, actividades de saneamiento, gestión de residuos y descontaminación	Ambos sexos	2010	24.972,27
E Suministro de agua, actividades de saneamiento, gestión de residuos y descontaminación	Ambos sexos	2009	23.617,24
E Suministro de agua, actividades de saneamiento, gestión de residuos y descontaminación	Ambos sexos	2008	22.590,49
E Suministro de agua, actividades de saneamiento, gestión de residuos y descontaminación	Mujeres	2022	28.501,84
E Suministro de agua, actividades de saneamiento, gestión de residuos y descontaminación	Mujeres	2021	26.520,12
E Suministro de agua, actividades de saneamiento, gestión de residuos y descontaminación	Mujeres	2020	25.020,33
E Suministro de agua, actividades de saneamiento, gestión de residuos y descontaminación	Mujeres	2019	24.622,26
E Suministro de agua, actividades de saneamiento, gestión de residuos y descontaminación	Mujeres	2018	24.302,84
E Suministro de agua, actividades de saneamiento, gestión de residuos y descontaminación	Mujeres	2017	24.010,74
E Suministro de agua, actividades de saneamiento, gestión de residuos y descontaminación	Mujeres	2016	23.184,64
E Suministro de agua, actividades de saneamiento, gestión de residuos y descontaminación	Mujeres	2015	22.616,21
E Suministro de agua, actividades de saneamiento, gestión de residuos y descontaminación	Mujeres	2014	22.345,48
E Suministro de agua, actividades de saneamiento, gestión de residuos y descontaminación	Mujeres	2013	21.693,7
E Suministro de agua, actividades de saneamiento, gestión de residuos y descontaminación	Mujeres	2012	21.670,86
E Suministro de agua, actividades de saneamiento, gestión de residuos y descontaminación	Mujeres	2011	21.065,6
E Suministro de agua, actividades de saneamiento, gestión de residuos y descontaminación	Mujeres	2010	20.981,76
E Suministro de agua, actividades de saneamiento, gestión de residuos y descontaminación	Mujeres	2009	19.280,18
E Suministro de agua, actividades de saneamiento, gestión de residuos y descontaminación	Mujeres	2008	18.508,17
E Suministro de agua, actividades de saneamiento, gestión de residuos y descontaminación	Hombres	2022	30.972,7
E Suministro de agua, actividades de saneamiento, gestión de residuos y descontaminación	Hombres	2021	29.983,61
E Suministro de agua, actividades de saneamiento, gestión de residuos y descontaminación	Hombres	2020	28.548,11
E Suministro de agua, actividades de saneamiento, gestión de residuos y descontaminación	Hombres	2019	28.214,35
E Suministro de agua, actividades de saneamiento, gestión de residuos y descontaminación	Hombres	2018	28.074,77
E Suministro de agua, actividades de saneamiento, gestión de residuos y descontaminación	Hombres	2017	27.628,19
E Suministro de agua, actividades de saneamiento, gestión de residuos y descontaminación	Hombres	2016	27.154,16
E Suministro de agua, actividades de saneamiento, gestión de residuos y descontaminación	Hombres	2015	27.340,59
E Suministro de agua, actividades de saneamiento, gestión de residuos y descontaminación	Hombres	2014	26.846,4
E Suministro de agua, actividades de saneamiento, gestión de residuos y descontaminación	Hombres	2013	26.208,7
E Suministro de agua, actividades de saneamiento, gestión de residuos y descontaminación	Hombres	2012	26.070,16
E Suministro de agua, actividades de saneamiento, gestión de residuos y descontaminación	Hombres	2011	26.724,73
E Suministro de agua, actividades de saneamiento, gestión de residuos y descontaminación	Hombres	2010	26.020,4
E Suministro de agua, actividades de saneamiento, gestión de residuos y descontaminación	Hombres	2009	24.745,68
E Suministro de agua, actividades de saneamiento, gestión de residuos y descontaminación	Hombres	2008	23.720,73
F Construcción	Ambos sexos	2022	25.149,41
F Construcción	Ambos sexos	2021	24.136,94
F Construcción	Ambos sexos	2020	23.104,64
F Construcción	Ambos sexos	2019	22.789,3
F Construcción	Ambos sexos	2018	22.971,05
F Construcción	Ambos sexos	2017	22.607,96
F Construcción	Ambos sexos	2016	22.163,46
F Construcción	Ambos sexos	2015	22.660,82
F Construcción	Ambos sexos	2014	22.608,41
F Construcción	Ambos sexos	2013	22.720,53
F Construcción	Ambos sexos	2012	22.686,24
F Construcción	Ambos sexos	2011	22.541
F Construcción	Ambos sexos	2010	21.962,13
F Construcción	Ambos sexos	2009	21.774,7
F Construcción	Ambos sexos	2008	20.706,74
F Construcción	Mujeres	2022	26.258,91
F Construcción	Mujeres	2021	22.640,24
F Construcción	Mujeres	2020	21.188
F Construcción	Mujeres	2019	21.388,78
F Construcción	Mujeres	2018	21.919
F Construcción	Mujeres	2017	20.588,67
F Construcción	Mujeres	2016	20.361,67
F Construcción	Mujeres	2015	20.060,54
F Construcción	Mujeres	2014	21.483,17
F Construcción	Mujeres	2013	20.636,21
F Construcción	Mujeres	2012	21.441,66
F Construcción	Mujeres	2011	21.029,69
F Construcción	Mujeres	2010	20.189,84
F Construcción	Mujeres	2009	20.011,47
F Construcción	Mujeres	2008	19.873,24
F Construcción	Hombres	2022	25.001,32
F Construcción	Hombres	2021	24.361,97
F Construcción	Hombres	2020	23.402,34
F Construcción	Hombres	2019	22.997,41
F Construcción	Hombres	2018	23.118,32
F Construcción	Hombres	2017	22.927,3
F Construcción	Hombres	2016	22.460,86
F Construcción	Hombres	2015	23.113,93
F Construcción	Hombres	2014	22.783
F Construcción	Hombres	2013	23.067,15
F Construcción	Hombres	2012	22.910,95
F Construcción	Hombres	2011	22.783,96
F Construcción	Hombres	2010	22.239,83
F Construcción	Hombres	2009	22.067,19
F Construcción	Hombres	2008	20.844,73
G Comercio al por mayor y al por menor; reparación de vehículos de motor y motocicletas	Ambos sexos	2022	23.209,55
G Comercio al por mayor y al por menor; reparación de vehículos de motor y motocicletas	Ambos sexos	2021	22.215,28
G Comercio al por mayor y al por menor; reparación de vehículos de motor y motocicletas	Ambos sexos	2020	21.393,49
G Comercio al por mayor y al por menor; reparación de vehículos de motor y motocicletas	Ambos sexos	2019	21.120,76
G Comercio al por mayor y al por menor; reparación de vehículos de motor y motocicletas	Ambos sexos	2018	21.006,17
G Comercio al por mayor y al por menor; reparación de vehículos de motor y motocicletas	Ambos sexos	2017	20.608,77
G Comercio al por mayor y al por menor; reparación de vehículos de motor y motocicletas	Ambos sexos	2016	19.781,4
G Comercio al por mayor y al por menor; reparación de vehículos de motor y motocicletas	Ambos sexos	2015	19.651,05
G Comercio al por mayor y al por menor; reparación de vehículos de motor y motocicletas	Ambos sexos	2014	19.771,86
G Comercio al por mayor y al por menor; reparación de vehículos de motor y motocicletas	Ambos sexos	2013	19.069,16
G Comercio al por mayor y al por menor; reparación de vehículos de motor y motocicletas	Ambos sexos	2012	19.473,68
G Comercio al por mayor y al por menor; reparación de vehículos de motor y motocicletas	Ambos sexos	2011	19.444,62
G Comercio al por mayor y al por menor; reparación de vehículos de motor y motocicletas	Ambos sexos	2010	19.008,19
G Comercio al por mayor y al por menor; reparación de vehículos de motor y motocicletas	Ambos sexos	2009	19.498,77
G Comercio al por mayor y al por menor; reparación de vehículos de motor y motocicletas	Ambos sexos	2008	18.545,85
G Comercio al por mayor y al por menor; reparación de vehículos de motor y motocicletas	Mujeres	2022	20.084,02
G Comercio al por mayor y al por menor; reparación de vehículos de motor y motocicletas	Mujeres	2021	19.026,11
G Comercio al por mayor y al por menor; reparación de vehículos de motor y motocicletas	Mujeres	2020	18.243,62
G Comercio al por mayor y al por menor; reparación de vehículos de motor y motocicletas	Mujeres	2019	17.981,78
G Comercio al por mayor y al por menor; reparación de vehículos de motor y motocicletas	Mujeres	2018	17.741,19
G Comercio al por mayor y al por menor; reparación de vehículos de motor y motocicletas	Mujeres	2017	17.377,72
G Comercio al por mayor y al por menor; reparación de vehículos de motor y motocicletas	Mujeres	2016	16.726,51
G Comercio al por mayor y al por menor; reparación de vehículos de motor y motocicletas	Mujeres	2015	16.481,34
G Comercio al por mayor y al por menor; reparación de vehículos de motor y motocicletas	Mujeres	2014	16.528,98
G Comercio al por mayor y al por menor; reparación de vehículos de motor y motocicletas	Mujeres	2013	16.297,15
G Comercio al por mayor y al por menor; reparación de vehículos de motor y motocicletas	Mujeres	2012	16.446,74
G Comercio al por mayor y al por menor; reparación de vehículos de motor y motocicletas	Mujeres	2011	16.140,67
G Comercio al por mayor y al por menor; reparación de vehículos de motor y motocicletas	Mujeres	2010	15.964,03
G Comercio al por mayor y al por menor; reparación de vehículos de motor y motocicletas	Mujeres	2009	16.074,16
G Comercio al por mayor y al por menor; reparación de vehículos de motor y motocicletas	Mujeres	2008	15.253,79
G Comercio al por mayor y al por menor; reparación de vehículos de motor y motocicletas	Hombres	2022	26.378,32
G Comercio al por mayor y al por menor; reparación de vehículos de motor y motocicletas	Hombres	2021	25.298,04
G Comercio al por mayor y al por menor; reparación de vehículos de motor y motocicletas	Hombres	2020	24.411,89
G Comercio al por mayor y al por menor; reparación de vehículos de motor y motocicletas	Hombres	2019	24.237,93
G Comercio al por mayor y al por menor; reparación de vehículos de motor y motocicletas	Hombres	2018	24.277,23
G Comercio al por mayor y al por menor; reparación de vehículos de motor y motocicletas	Hombres	2017	23.829,7
G Comercio al por mayor y al por menor; reparación de vehículos de motor y motocicletas	Hombres	2016	22.826,01
G Comercio al por mayor y al por menor; reparación de vehículos de motor y motocicletas	Hombres	2015	22.903,7
G Comercio al por mayor y al por menor; reparación de vehículos de motor y motocicletas	Hombres	2014	22.987,94
G Comercio al por mayor y al por menor; reparación de vehículos de motor y motocicletas	Hombres	2013	22.043,76
G Comercio al por mayor y al por menor; reparación de vehículos de motor y motocicletas	Hombres	2012	22.702,32
G Comercio al por mayor y al por menor; reparación de vehículos de motor y motocicletas	Hombres	2011	22.924,26
G Comercio al por mayor y al por menor; reparación de vehículos de motor y motocicletas	Hombres	2010	22.386,69
G Comercio al por mayor y al por menor; reparación de vehículos de motor y motocicletas	Hombres	2009	22.843,08
G Comercio al por mayor y al por menor; reparación de vehículos de motor y motocicletas	Hombres	2008	21.673,4
H Transporte y almacenamiento	Ambos sexos	2022	27.354,39
H Transporte y almacenamiento	Ambos sexos	2021	25.545,48
H Transporte y almacenamiento	Ambos sexos	2020	25.033,4
H Transporte y almacenamiento	Ambos sexos	2019	24.368,8
H Transporte y almacenamiento	Ambos sexos	2018	24.653,86
H Transporte y almacenamiento	Ambos sexos	2017	24.079,84
H Transporte y almacenamiento	Ambos sexos	2016	23.611,32
H Transporte y almacenamiento	Ambos sexos	2015	23.937,81
H Transporte y almacenamiento	Ambos sexos	2014	23.604,85
H Transporte y almacenamiento	Ambos sexos	2013	23.525,42
H Transporte y almacenamiento	Ambos sexos	2012	23.454,25
H Transporte y almacenamiento	Ambos sexos	2011	23.346,59
H Transporte y almacenamiento	Ambos sexos	2010	22.990,76
H Transporte y almacenamiento	Ambos sexos	2009	22.196,86
H Transporte y almacenamiento	Ambos sexos	2008	21.823,95
H Transporte y almacenamiento	Mujeres	2022	26.569,15
H Transporte y almacenamiento	Mujeres	2021	24.286,3
H Transporte y almacenamiento	Mujeres	2020	24.082,98
H Transporte y almacenamiento	Mujeres	2019	22.868,25
H Transporte y almacenamiento	Mujeres	2018	22.595,67
H Transporte y almacenamiento	Mujeres	2017	22.210,81
H Transporte y almacenamiento	Mujeres	2016	22.176,39
H Transporte y almacenamiento	Mujeres	2015	22.039,75
H Transporte y almacenamiento	Mujeres	2014	21.991,84
H Transporte y almacenamiento	Mujeres	2013	21.844,42
H Transporte y almacenamiento	Mujeres	2012	21.580,65
H Transporte y almacenamiento	Mujeres	2011	21.663,87
H Transporte y almacenamiento	Mujeres	2010	20.835,77
H Transporte y almacenamiento	Mujeres	2009	19.262,12
H Transporte y almacenamiento	Mujeres	2008	18.506,62
H Transporte y almacenamiento	Hombres	2022	27.598,32
H Transporte y almacenamiento	Hombres	2021	25.939,1
H Transporte y almacenamiento	Hombres	2020	25.336,12
H Transporte y almacenamiento	Hombres	2019	24.852,57
H Transporte y almacenamiento	Hombres	2018	25.274,9
H Transporte y almacenamiento	Hombres	2017	24.618,8
H Transporte y almacenamiento	Hombres	2016	24.010,1
H Transporte y almacenamiento	Hombres	2015	24.497,46
H Transporte y almacenamiento	Hombres	2014	24.069,79
H Transporte y almacenamiento	Hombres	2013	24.022,66
H Transporte y almacenamiento	Hombres	2012	23.998,5
H Transporte y almacenamiento	Hombres	2011	23.820,98
H Transporte y almacenamiento	Hombres	2010	23.616,48
H Transporte y almacenamiento	Hombres	2009	23.073,94
H Transporte y almacenamiento	Hombres	2008	22.873,71
I Hostelería	Ambos sexos	2022	16.274,71
I Hostelería	Ambos sexos	2021	14.632,81
I Hostelería	Ambos sexos	2020	14.136,95
I Hostelería	Ambos sexos	2019	14.561,75
I Hostelería	Ambos sexos	2018	14.345,3
I Hostelería	Ambos sexos	2017	14.540,14
I Hostelería	Ambos sexos	2016	14.125,34
I Hostelería	Ambos sexos	2015	13.977,06
I Hostelería	Ambos sexos	2014	13.636,04
I Hostelería	Ambos sexos	2013	13.851,08
I Hostelería	Ambos sexos	2012	13.867,02
I Hostelería	Ambos sexos	2011	14.234,54
I Hostelería	Ambos sexos	2010	14.629,55
I Hostelería	Ambos sexos	2009	13.996,7
I Hostelería	Ambos sexos	2008	13.957,49
I Hostelería	Mujeres	2022	15.022,32
I Hostelería	Mujeres	2021	13.388,55
I Hostelería	Mujeres	2020	12.874,08
I Hostelería	Mujeres	2019	13.410,37
I Hostelería	Mujeres	2018	12.808,88
I Hostelería	Mujeres	2017	13.161,33
I Hostelería	Mujeres	2016	12.608,92
I Hostelería	Mujeres	2015	12.563,08
I Hostelería	Mujeres	2014	12.311,78
I Hostelería	Mujeres	2013	12.536,29
I Hostelería	Mujeres	2012	12.694,16
I Hostelería	Mujeres	2011	12.645,88
I Hostelería	Mujeres	2010	12.825,48
I Hostelería	Mujeres	2009	12.518,34
I Hostelería	Mujeres	2008	12.404,49
I Hostelería	Hombres	2022	17.921,24
I Hostelería	Hombres	2021	16.229,88
I Hostelería	Hombres	2020	15.767,95
I Hostelería	Hombres	2019	16.134,55
I Hostelería	Hombres	2018	16.271,82
I Hostelería	Hombres	2017	16.138,88
I Hostelería	Hombres	2016	15.907,9
I Hostelería	Hombres	2015	15.751,27
I Hostelería	Hombres	2014	15.368,45
I Hostelería	Hombres	2013	15.552,49
I Hostelería	Hombres	2012	15.518,31
I Hostelería	Hombres	2011	16.216,7
I Hostelería	Hombres	2010	16.891,74
I Hostelería	Hombres	2009	15.940,32
I Hostelería	Hombres	2008	15.885,32
J Información y comunicaciones	Ambos sexos	2022	37.438,55
J Información y comunicaciones	Ambos sexos	2021	36.630,48
J Información y comunicaciones	Ambos sexos	2020	35.663,8
J Información y comunicaciones	Ambos sexos	2019	34.641,28
J Información y comunicaciones	Ambos sexos	2018	33.117,64
J Información y comunicaciones	Ambos sexos	2017	33.664,26
J Información y comunicaciones	Ambos sexos	2016	32.448,31
J Información y comunicaciones	Ambos sexos	2015	33.046,23
J Información y comunicaciones	Ambos sexos	2014	32.754,21
J Información y comunicaciones	Ambos sexos	2013	33.137,17
J Información y comunicaciones	Ambos sexos	2012	32.522,11
J Información y comunicaciones	Ambos sexos	2011	32.491,04
J Información y comunicaciones	Ambos sexos	2010	32.425,68
J Información y comunicaciones	Ambos sexos	2009	31.551,65
J Información y comunicaciones	Ambos sexos	2008	30.628,48
J Información y comunicaciones	Mujeres	2022	34.306,95
J Información y comunicaciones	Mujeres	2021	33.225,56
J Información y comunicaciones	Mujeres	2020	32.227,73
J Información y comunicaciones	Mujeres	2019	30.898,57
J Información y comunicaciones	Mujeres	2018	29.099,47
J Información y comunicaciones	Mujeres	2017	30.015,53
J Información y comunicaciones	Mujeres	2016	28.834,47
J Información y comunicaciones	Mujeres	2015	28.935,74
J Información y comunicaciones	Mujeres	2014	29.223,97
J Información y comunicaciones	Mujeres	2013	28.651,29
J Información y comunicaciones	Mujeres	2012	28.166,28
J Información y comunicaciones	Mujeres	2011	28.464,25
J Información y comunicaciones	Mujeres	2010	28.610,13
J Información y comunicaciones	Mujeres	2009	26.716,32
J Información y comunicaciones	Mujeres	2008	26.573,64
J Información y comunicaciones	Hombres	2022	39.135,1
J Información y comunicaciones	Hombres	2021	38.514,17
J Información y comunicaciones	Hombres	2020	37.580,51
J Información y comunicaciones	Hombres	2019	36.746,41
J Información y comunicaciones	Hombres	2018	35.411,23
J Información y comunicaciones	Hombres	2017	35.768,78
J Información y comunicaciones	Hombres	2016	34.475,06
J Información y comunicaciones	Hombres	2015	35.417,86
J Información y comunicaciones	Hombres	2014	34.740,6
J Información y comunicaciones	Hombres	2013	35.756,26
J Información y comunicaciones	Hombres	2012	35.196,03
J Información y comunicaciones	Hombres	2011	34.990,87
J Información y comunicaciones	Hombres	2010	34.726,99
J Información y comunicaciones	Hombres	2009	34.513,44
J Información y comunicaciones	Hombres	2008	33.090,09
K Actividades financieras y de seguros	Ambos sexos	2022	47.239,53
K Actividades financieras y de seguros	Ambos sexos	2021	46.122,24
K Actividades financieras y de seguros	Ambos sexos	2020	45.921,78
K Actividades financieras y de seguros	Ambos sexos	2019	44.302,71
K Actividades financieras y de seguros	Ambos sexos	2018	45.034,53
K Actividades financieras y de seguros	Ambos sexos	2017	43.773,58
K Actividades financieras y de seguros	Ambos sexos	2016	42.684,65
K Actividades financieras y de seguros	Ambos sexos	2015	41.547,07
K Actividades financieras y de seguros	Ambos sexos	2014	40.696,06
K Actividades financieras y de seguros	Ambos sexos	2013	39.607,49
K Actividades financieras y de seguros	Ambos sexos	2012	41.905,6
K Actividades financieras y de seguros	Ambos sexos	2011	41.124,22
K Actividades financieras y de seguros	Ambos sexos	2010	41.638,7
K Actividades financieras y de seguros	Ambos sexos	2009	41.863,11
K Actividades financieras y de seguros	Ambos sexos	2008	41.619,07
K Actividades financieras y de seguros	Mujeres	2022	42.214,85
K Actividades financieras y de seguros	Mujeres	2021	40.990,22
K Actividades financieras y de seguros	Mujeres	2020	40.159,77
K Actividades financieras y de seguros	Mujeres	2019	39.100,52
K Actividades financieras y de seguros	Mujeres	2018	39.662,45
K Actividades financieras y de seguros	Mujeres	2017	38.521,06
K Actividades financieras y de seguros	Mujeres	2016	36.939,55
K Actividades financieras y de seguros	Mujeres	2015	36.455,79
K Actividades financieras y de seguros	Mujeres	2014	35.829,24
K Actividades financieras y de seguros	Mujeres	2013	33.941,56
K Actividades financieras y de seguros	Mujeres	2012	36.421,03
K Actividades financieras y de seguros	Mujeres	2011	35.428,15
K Actividades financieras y de seguros	Mujeres	2010	35.922,39
K Actividades financieras y de seguros	Mujeres	2009	34.772,53
K Actividades financieras y de seguros	Mujeres	2008	34.946,34
K Actividades financieras y de seguros	Hombres	2022	53.969,55
K Actividades financieras y de seguros	Hombres	2021	52.714,92
K Actividades financieras y de seguros	Hombres	2020	52.920,77
K Actividades financieras y de seguros	Hombres	2019	50.830,71
K Actividades financieras y de seguros	Hombres	2018	51.843,11
K Actividades financieras y de seguros	Hombres	2017	50.049,17
K Actividades financieras y de seguros	Hombres	2016	49.257,63
K Actividades financieras y de seguros	Hombres	2015	47.533,67
K Actividades financieras y de seguros	Hombres	2014	46.260,67
K Actividades financieras y de seguros	Hombres	2013	45.963,58
K Actividades financieras y de seguros	Hombres	2012	47.464,8
K Actividades financieras y de seguros	Hombres	2011	46.858,52
K Actividades financieras y de seguros	Hombres	2010	47.081,23
K Actividades financieras y de seguros	Hombres	2009	48.054,65
K Actividades financieras y de seguros	Hombres	2008	47.725,32
L Actividades inmobiliarias	Ambos sexos	2022	26.172,9
L Actividades inmobiliarias	Ambos sexos	2021	24.835,23
L Actividades inmobiliarias	Ambos sexos	2020	23.354,7
L Actividades inmobiliarias	Ambos sexos	2019	23.333,16
L Actividades inmobiliarias	Ambos sexos	2018	21.249,15
L Actividades inmobiliarias	Ambos sexos	2017	21.299,08
L Actividades inmobiliarias	Ambos sexos	2016	20.899,35
L Actividades inmobiliarias	Ambos sexos	2015	20.540,02
L Actividades inmobiliarias	Ambos sexos	2014	20.619,89
L Actividades inmobiliarias	Ambos sexos	2013	19.156
L Actividades inmobiliarias	Ambos sexos	2012	19.806,64
L Actividades inmobiliarias	Ambos sexos	2011	20.349,1
L Actividades inmobiliarias	Ambos sexos	2010	19.879,3
L Actividades inmobiliarias	Ambos sexos	2009	19.770,52
L Actividades inmobiliarias	Ambos sexos	2008	19.533,83
L Actividades inmobiliarias	Mujeres	2022	23.538,96
L Actividades inmobiliarias	Mujeres	2021	21.787,72
L Actividades inmobiliarias	Mujeres	2020	20.142,44
L Actividades inmobiliarias	Mujeres	2019	19.981,82
L Actividades inmobiliarias	Mujeres	2018	18.744,33
L Actividades inmobiliarias	Mujeres	2017	18.488,32
L Actividades inmobiliarias	Mujeres	2016	17.809,07
L Actividades inmobiliarias	Mujeres	2015	17.330,11
L Actividades inmobiliarias	Mujeres	2014	17.775,63
L Actividades inmobiliarias	Mujeres	2013	16.700,49
L Actividades inmobiliarias	Mujeres	2012	17.538,33
L Actividades inmobiliarias	Mujeres	2011	17.988,21
L Actividades inmobiliarias	Mujeres	2010	17.089,82
L Actividades inmobiliarias	Mujeres	2009	17.103,63
L Actividades inmobiliarias	Mujeres	2008	16.850,02
L Actividades inmobiliarias	Hombres	2022	30.649,13
L Actividades inmobiliarias	Hombres	2021	29.120,96
L Actividades inmobiliarias	Hombres	2020	28.191,02
L Actividades inmobiliarias	Hombres	2019	28.296,98
L Actividades inmobiliarias	Hombres	2018	25.083,49
L Actividades inmobiliarias	Hombres	2017	25.392,77
L Actividades inmobiliarias	Hombres	2016	25.172,74
L Actividades inmobiliarias	Hombres	2015	25.763,32
L Actividades inmobiliarias	Hombres	2014	24.909,19
L Actividades inmobiliarias	Hombres	2013	22.821,1
L Actividades inmobiliarias	Hombres	2012	23.419,14
L Actividades inmobiliarias	Hombres	2011	24.150,05
L Actividades inmobiliarias	Hombres	2010	23.993,28
L Actividades inmobiliarias	Hombres	2009	24.134,65
L Actividades inmobiliarias	Hombres	2008	23.815,81
M Actividades profesionales, científicas y técnicas	Ambos sexos	2022	30.947,87
M Actividades profesionales, científicas y técnicas	Ambos sexos	2021	29.926,53
M Actividades profesionales, científicas y técnicas	Ambos sexos	2020	28.918,19
M Actividades profesionales, científicas y técnicas	Ambos sexos	2019	28.150,21
M Actividades profesionales, científicas y técnicas	Ambos sexos	2018	28.058,48
M Actividades profesionales, científicas y técnicas	Ambos sexos	2017	27.450,26
M Actividades profesionales, científicas y técnicas	Ambos sexos	2016	26.520,32
M Actividades profesionales, científicas y técnicas	Ambos sexos	2015	26.347,37
M Actividades profesionales, científicas y técnicas	Ambos sexos	2014	26.275,51
M Actividades profesionales, científicas y técnicas	Ambos sexos	2013	25.472,07
M Actividades profesionales, científicas y técnicas	Ambos sexos	2012	25.098,86
M Actividades profesionales, científicas y técnicas	Ambos sexos	2011	25.350,42
M Actividades profesionales, científicas y técnicas	Ambos sexos	2010	25.531,08
M Actividades profesionales, científicas y técnicas	Ambos sexos	2009	25.516,94
M Actividades profesionales, científicas y técnicas	Ambos sexos	2008	24.733,75
M Actividades profesionales, científicas y técnicas	Mujeres	2022	26.804,95
M Actividades profesionales, científicas y técnicas	Mujeres	2021	25.741,8
M Actividades profesionales, científicas y técnicas	Mujeres	2020	24.433,23
M Actividades profesionales, científicas y técnicas	Mujeres	2019	23.592,72
M Actividades profesionales, científicas y técnicas	Mujeres	2018	23.409,52
M Actividades profesionales, científicas y técnicas	Mujeres	2017	22.708,98
M Actividades profesionales, científicas y técnicas	Mujeres	2016	21.942,88
M Actividades profesionales, científicas y técnicas	Mujeres	2015	21.980,57
M Actividades profesionales, científicas y técnicas	Mujeres	2014	21.964,47
M Actividades profesionales, científicas y técnicas	Mujeres	2013	21.226,6
M Actividades profesionales, científicas y técnicas	Mujeres	2012	20.753,36
M Actividades profesionales, científicas y técnicas	Mujeres	2011	21.157,99
M Actividades profesionales, científicas y técnicas	Mujeres	2010	21.309,65
M Actividades profesionales, científicas y técnicas	Mujeres	2009	20.598,86
M Actividades profesionales, científicas y técnicas	Mujeres	2008	19.829,67
M Actividades profesionales, científicas y técnicas	Hombres	2022	36.259,18
M Actividades profesionales, científicas y técnicas	Hombres	2021	34.926,19
M Actividades profesionales, científicas y técnicas	Hombres	2020	34.161,9
M Actividades profesionales, científicas y técnicas	Hombres	2019	33.541,11
M Actividades profesionales, científicas y técnicas	Hombres	2018	33.778,27
M Actividades profesionales, científicas y técnicas	Hombres	2017	33.020,51
M Actividades profesionales, científicas y técnicas	Hombres	2016	31.967,2
M Actividades profesionales, científicas y técnicas	Hombres	2015	31.586,27
M Actividades profesionales, científicas y técnicas	Hombres	2014	31.673,25
M Actividades profesionales, científicas y técnicas	Hombres	2013	30.643,51
M Actividades profesionales, científicas y técnicas	Hombres	2012	30.381,47
M Actividades profesionales, científicas y técnicas	Hombres	2011	30.460,83
M Actividades profesionales, científicas y técnicas	Hombres	2010	30.649,18
M Actividades profesionales, científicas y técnicas	Hombres	2009	31.325,34
M Actividades profesionales, científicas y técnicas	Hombres	2008	30.329,05
N Actividades administrativas y servicios auxiliares	Ambos sexos	2022	18.995,66
N Actividades administrativas y servicios auxiliares	Ambos sexos	2021	18.118,66
N Actividades administrativas y servicios auxiliares	Ambos sexos	2020	17.808,53
N Actividades administrativas y servicios auxiliares	Ambos sexos	2019	17.107,54
N Actividades administrativas y servicios auxiliares	Ambos sexos	2018	17.176,75
N Actividades administrativas y servicios auxiliares	Ambos sexos	2017	16.519,76
N Actividades administrativas y servicios auxiliares	Ambos sexos	2016	16.139,11
N Actividades administrativas y servicios auxiliares	Ambos sexos	2015	15.948,63
N Actividades administrativas y servicios auxiliares	Ambos sexos	2014	15.766,08
N Actividades administrativas y servicios auxiliares	Ambos sexos	2013	15.809,74
N Actividades administrativas y servicios auxiliares	Ambos sexos	2012	16.130,55
N Actividades administrativas y servicios auxiliares	Ambos sexos	2011	16.199,14
N Actividades administrativas y servicios auxiliares	Ambos sexos	2010	15.682,32
N Actividades administrativas y servicios auxiliares	Ambos sexos	2009	15.855,38
N Actividades administrativas y servicios auxiliares	Ambos sexos	2008	15.818,18
N Actividades administrativas y servicios auxiliares	Mujeres	2022	16.391,55
N Actividades administrativas y servicios auxiliares	Mujeres	2021	15.248,42
N Actividades administrativas y servicios auxiliares	Mujeres	2020	14.835,74
N Actividades administrativas y servicios auxiliares	Mujeres	2019	14.322,39
N Actividades administrativas y servicios auxiliares	Mujeres	2018	14.101,23
N Actividades administrativas y servicios auxiliares	Mujeres	2017	13.604,08
N Actividades administrativas y servicios auxiliares	Mujeres	2016	13.309,47
N Actividades administrativas y servicios auxiliares	Mujeres	2015	13.085,14
N Actividades administrativas y servicios auxiliares	Mujeres	2014	12.922,01
N Actividades administrativas y servicios auxiliares	Mujeres	2013	13.028,72
N Actividades administrativas y servicios auxiliares	Mujeres	2012	13.273,88
N Actividades administrativas y servicios auxiliares	Mujeres	2011	13.246,21
N Actividades administrativas y servicios auxiliares	Mujeres	2010	12.864,94
N Actividades administrativas y servicios auxiliares	Mujeres	2009	13.056,08
N Actividades administrativas y servicios auxiliares	Mujeres	2008	13.303,46
N Actividades administrativas y servicios auxiliares	Hombres	2022	22.360,55
N Actividades administrativas y servicios auxiliares	Hombres	2021	21.648,58
N Actividades administrativas y servicios auxiliares	Hombres	2020	21.522,75
N Actividades administrativas y servicios auxiliares	Hombres	2019	20.661,14
N Actividades administrativas y servicios auxiliares	Hombres	2018	20.793,89
N Actividades administrativas y servicios auxiliares	Hombres	2017	20.174,91
N Actividades administrativas y servicios auxiliares	Hombres	2016	19.749,55
N Actividades administrativas y servicios auxiliares	Hombres	2015	19.823,51
N Actividades administrativas y servicios auxiliares	Hombres	2014	19.623,29
N Actividades administrativas y servicios auxiliares	Hombres	2013	19.466,1
N Actividades administrativas y servicios auxiliares	Hombres	2012	19.875,18
N Actividades administrativas y servicios auxiliares	Hombres	2011	19.762,5
N Actividades administrativas y servicios auxiliares	Hombres	2010	19.705,22
N Actividades administrativas y servicios auxiliares	Hombres	2009	19.132,9
N Actividades administrativas y servicios auxiliares	Hombres	2008	18.666,16
O Administración Pública y defensa; Seguridad Social obligatoria	Ambos sexos	2022	34.036,02
O Administración Pública y defensa; Seguridad Social obligatoria	Ambos sexos	2021	34.010,01
O Administración Pública y defensa; Seguridad Social obligatoria	Ambos sexos	2020	32.581,96
O Administración Pública y defensa; Seguridad Social obligatoria	Ambos sexos	2019	31.090,95
O Administración Pública y defensa; Seguridad Social obligatoria	Ambos sexos	2018	29.824,04
O Administración Pública y defensa; Seguridad Social obligatoria	Ambos sexos	2017	29.015,05
O Administración Pública y defensa; Seguridad Social obligatoria	Ambos sexos	2016	29.134,91
O Administración Pública y defensa; Seguridad Social obligatoria	Ambos sexos	2015	28.559,79
O Administración Pública y defensa; Seguridad Social obligatoria	Ambos sexos	2014	27.568,54
O Administración Pública y defensa; Seguridad Social obligatoria	Ambos sexos	2013	27.707,13
O Administración Pública y defensa; Seguridad Social obligatoria	Ambos sexos	2012	26.878,73
O Administración Pública y defensa; Seguridad Social obligatoria	Ambos sexos	2011	27.816,09
O Administración Pública y defensa; Seguridad Social obligatoria	Ambos sexos	2010	28.001,68
O Administración Pública y defensa; Seguridad Social obligatoria	Ambos sexos	2009	27.590,9
O Administración Pública y defensa; Seguridad Social obligatoria	Ambos sexos	2008	26.927,57
O Administración Pública y defensa; Seguridad Social obligatoria	Mujeres	2022	32.272,17
O Administración Pública y defensa; Seguridad Social obligatoria	Mujeres	2021	32.137,79
O Administración Pública y defensa; Seguridad Social obligatoria	Mujeres	2020	31.268,62
O Administración Pública y defensa; Seguridad Social obligatoria	Mujeres	2019	29.992,17
O Administración Pública y defensa; Seguridad Social obligatoria	Mujeres	2018	28.095,08
O Administración Pública y defensa; Seguridad Social obligatoria	Mujeres	2017	27.391,38
O Administración Pública y defensa; Seguridad Social obligatoria	Mujeres	2016	27.547,36
O Administración Pública y defensa; Seguridad Social obligatoria	Mujeres	2015	27.305,84
O Administración Pública y defensa; Seguridad Social obligatoria	Mujeres	2014	26.267,91
O Administración Pública y defensa; Seguridad Social obligatoria	Mujeres	2013	25.583,73
O Administración Pública y defensa; Seguridad Social obligatoria	Mujeres	2012	25.092,34
O Administración Pública y defensa; Seguridad Social obligatoria	Mujeres	2011	25.850,93
O Administración Pública y defensa; Seguridad Social obligatoria	Mujeres	2010	26.224,16
O Administración Pública y defensa; Seguridad Social obligatoria	Mujeres	2009	25.830,1
O Administración Pública y defensa; Seguridad Social obligatoria	Mujeres	2008	24.860,38
O Administración Pública y defensa; Seguridad Social obligatoria	Hombres	2022	35.813,05
O Administración Pública y defensa; Seguridad Social obligatoria	Hombres	2021	35.908,23
O Administración Pública y defensa; Seguridad Social obligatoria	Hombres	2020	33.931,79
O Administración Pública y defensa; Seguridad Social obligatoria	Hombres	2019	32.213,06
O Administración Pública y defensa; Seguridad Social obligatoria	Hombres	2018	31.469,33
O Administración Pública y defensa; Seguridad Social obligatoria	Hombres	2017	30.581,96
O Administración Pública y defensa; Seguridad Social obligatoria	Hombres	2016	30.712,29
O Administración Pública y defensa; Seguridad Social obligatoria	Hombres	2015	29.827,97
O Administración Pública y defensa; Seguridad Social obligatoria	Hombres	2014	28.772,03
O Administración Pública y defensa; Seguridad Social obligatoria	Hombres	2013	29.827,25
O Administración Pública y defensa; Seguridad Social obligatoria	Hombres	2012	28.632,29
O Administración Pública y defensa; Seguridad Social obligatoria	Hombres	2011	29.877,61
O Administración Pública y defensa; Seguridad Social obligatoria	Hombres	2010	29.872,45
O Administración Pública y defensa; Seguridad Social obligatoria	Hombres	2009	29.382,33
O Administración Pública y defensa; Seguridad Social obligatoria	Hombres	2008	29.023,9
P Educación	Ambos sexos	2022	29.263,89
P Educación	Ambos sexos	2021	28.272,76
P Educación	Ambos sexos	2020	27.076,32
P Educación	Ambos sexos	2019	25.913,06
P Educación	Ambos sexos	2018	23.679,17
P Educación	Ambos sexos	2017	23.559,77
P Educación	Ambos sexos	2016	22.289,73
P Educación	Ambos sexos	2015	21.667,33
P Educación	Ambos sexos	2014	20.925,83
P Educación	Ambos sexos	2013	21.946,95
P Educación	Ambos sexos	2012	21.596,16
P Educación	Ambos sexos	2011	21.564,58
P Educación	Ambos sexos	2010	21.751,87
P Educación	Ambos sexos	2009	21.703,1
P Educación	Ambos sexos	2008	20.883,28
P Educación	Mujeres	2022	28.258,5
P Educación	Mujeres	2021	27.453,63
P Educación	Mujeres	2020	26.349,55
P Educación	Mujeres	2019	25.220,98
P Educación	Mujeres	2018	23.225,84
P Educación	Mujeres	2017	22.784,01
P Educación	Mujeres	2016	21.622,53
P Educación	Mujeres	2015	20.981,61
P Educación	Mujeres	2014	20.347,91
P Educación	Mujeres	2013	20.974,85
P Educación	Mujeres	2012	20.700,46
P Educación	Mujeres	2011	20.797,76
P Educación	Mujeres	2010	20.872,37
P Educación	Mujeres	2009	21.459,46
P Educación	Mujeres	2008	20.591,85
P Educación	Hombres	2022	31.290,07
P Educación	Hombres	2021	29.804,04
P Educación	Hombres	2020	28.469,49
P Educación	Hombres	2019	27.292,76
P Educación	Hombres	2018	24.532,37
P Educación	Hombres	2017	25.093,05
P Educación	Hombres	2016	23.662,96
P Educación	Hombres	2015	23.143,33
P Educación	Hombres	2014	22.079,28
P Educación	Hombres	2013	23.890,76
P Educación	Hombres	2012	23.477,45
P Educación	Hombres	2011	23.271,51
P Educación	Hombres	2010	23.453,74
P Educación	Hombres	2009	22.237,76
P Educación	Hombres	2008	21.489,54
Q Actividades sanitarias y de servicios sociales	Ambos sexos	2022	30.381,25
Q Actividades sanitarias y de servicios sociales	Ambos sexos	2021	28.891,41
Q Actividades sanitarias y de servicios sociales	Ambos sexos	2020	28.313,74
Q Actividades sanitarias y de servicios sociales	Ambos sexos	2019	27.557,2
Q Actividades sanitarias y de servicios sociales	Ambos sexos	2018	26.851,1
Q Actividades sanitarias y de servicios sociales	Ambos sexos	2017	26.076,47
Q Actividades sanitarias y de servicios sociales	Ambos sexos	2016	25.955,32
Q Actividades sanitarias y de servicios sociales	Ambos sexos	2015	25.823,88
Q Actividades sanitarias y de servicios sociales	Ambos sexos	2014	24.826,42
Q Actividades sanitarias y de servicios sociales	Ambos sexos	2013	24.804,42
Q Actividades sanitarias y de servicios sociales	Ambos sexos	2012	25.103,59
Q Actividades sanitarias y de servicios sociales	Ambos sexos	2011	26.058,28
Q Actividades sanitarias y de servicios sociales	Ambos sexos	2010	26.331,24
Q Actividades sanitarias y de servicios sociales	Ambos sexos	2009	25.622,97
Q Actividades sanitarias y de servicios sociales	Ambos sexos	2008	24.837,68
Q Actividades sanitarias y de servicios sociales	Mujeres	2022	28.312,57
Q Actividades sanitarias y de servicios sociales	Mujeres	2021	26.403,18
Q Actividades sanitarias y de servicios sociales	Mujeres	2020	25.957,39
Q Actividades sanitarias y de servicios sociales	Mujeres	2019	25.432,12
Q Actividades sanitarias y de servicios sociales	Mujeres	2018	24.599,63
Q Actividades sanitarias y de servicios sociales	Mujeres	2017	23.839,44
Q Actividades sanitarias y de servicios sociales	Mujeres	2016	23.655,12
Q Actividades sanitarias y de servicios sociales	Mujeres	2015	23.889,48
Q Actividades sanitarias y de servicios sociales	Mujeres	2014	22.864,48
Q Actividades sanitarias y de servicios sociales	Mujeres	2013	22.691,89
Q Actividades sanitarias y de servicios sociales	Mujeres	2012	22.843,58
Q Actividades sanitarias y de servicios sociales	Mujeres	2011	23.893,28
Q Actividades sanitarias y de servicios sociales	Mujeres	2010	24.173,67
Q Actividades sanitarias y de servicios sociales	Mujeres	2009	23.850,5
Q Actividades sanitarias y de servicios sociales	Mujeres	2008	23.088,89
Q Actividades sanitarias y de servicios sociales	Hombres	2022	37.097,58
Q Actividades sanitarias y de servicios sociales	Hombres	2021	37.270,15
Q Actividades sanitarias y de servicios sociales	Hombres	2020	36.248,27
Q Actividades sanitarias y de servicios sociales	Hombres	2019	34.771,18
Q Actividades sanitarias y de servicios sociales	Hombres	2018	34.173,79
Q Actividades sanitarias y de servicios sociales	Hombres	2017	33.735,05
Q Actividades sanitarias y de servicios sociales	Hombres	2016	33.723,1
Q Actividades sanitarias y de servicios sociales	Hombres	2015	32.830,89
Q Actividades sanitarias y de servicios sociales	Hombres	2014	30.865,19
Q Actividades sanitarias y de servicios sociales	Hombres	2013	32.175,94
Q Actividades sanitarias y de servicios sociales	Hombres	2012	32.786,85
Q Actividades sanitarias y de servicios sociales	Hombres	2011	33.198,3
Q Actividades sanitarias y de servicios sociales	Hombres	2010	33.556,49
Q Actividades sanitarias y de servicios sociales	Hombres	2009	31.757,12
Q Actividades sanitarias y de servicios sociales	Hombres	2008	30.503,04
R Actividades artísticas, recreativas y de entretenimiento	Ambos sexos	2022	19.360,67
R Actividades artísticas, recreativas y de entretenimiento	Ambos sexos	2021	18.380,69
R Actividades artísticas, recreativas y de entretenimiento	Ambos sexos	2020	18.638,95
R Actividades artísticas, recreativas y de entretenimiento	Ambos sexos	2019	18.088,1
R Actividades artísticas, recreativas y de entretenimiento	Ambos sexos	2018	18.517,55
R Actividades artísticas, recreativas y de entretenimiento	Ambos sexos	2017	17.703,25
R Actividades artísticas, recreativas y de entretenimiento	Ambos sexos	2016	17.525,18
R Actividades artísticas, recreativas y de entretenimiento	Ambos sexos	2015	17.375,02
R Actividades artísticas, recreativas y de entretenimiento	Ambos sexos	2014	16.912,45
R Actividades artísticas, recreativas y de entretenimiento	Ambos sexos	2013	18.101,83
R Actividades artísticas, recreativas y de entretenimiento	Ambos sexos	2012	17.222,25
R Actividades artísticas, recreativas y de entretenimiento	Ambos sexos	2011	18.106,28
R Actividades artísticas, recreativas y de entretenimiento	Ambos sexos	2010	18.044,67
R Actividades artísticas, recreativas y de entretenimiento	Ambos sexos	2009	16.857,96
R Actividades artísticas, recreativas y de entretenimiento	Ambos sexos	2008	16.763,31
R Actividades artísticas, recreativas y de entretenimiento	Mujeres	2022	17.268,37
R Actividades artísticas, recreativas y de entretenimiento	Mujeres	2021	16.753,59
R Actividades artísticas, recreativas y de entretenimiento	Mujeres	2020	16.822,41
R Actividades artísticas, recreativas y de entretenimiento	Mujeres	2019	16.253,15
R Actividades artísticas, recreativas y de entretenimiento	Mujeres	2018	16.365,6
R Actividades artísticas, recreativas y de entretenimiento	Mujeres	2017	15.526,43
R Actividades artísticas, recreativas y de entretenimiento	Mujeres	2016	15.209,43
R Actividades artísticas, recreativas y de entretenimiento	Mujeres	2015	14.741,49
R Actividades artísticas, recreativas y de entretenimiento	Mujeres	2014	13.824,19
R Actividades artísticas, recreativas y de entretenimiento	Mujeres	2013	15.960,79
R Actividades artísticas, recreativas y de entretenimiento	Mujeres	2012	14.784,54
R Actividades artísticas, recreativas y de entretenimiento	Mujeres	2011	15.840,54
R Actividades artísticas, recreativas y de entretenimiento	Mujeres	2010	15.131,16
R Actividades artísticas, recreativas y de entretenimiento	Mujeres	2009	15.058,31
R Actividades artísticas, recreativas y de entretenimiento	Mujeres	2008	14.538,66
R Actividades artísticas, recreativas y de entretenimiento	Hombres	2022	20.892,08
R Actividades artísticas, recreativas y de entretenimiento	Hombres	2021	19.600,5
R Actividades artísticas, recreativas y de entretenimiento	Hombres	2020	19.934,49
R Actividades artísticas, recreativas y de entretenimiento	Hombres	2019	19.402,36
R Actividades artísticas, recreativas y de entretenimiento	Hombres	2018	20.139,56
R Actividades artísticas, recreativas y de entretenimiento	Hombres	2017	19.406,65
R Actividades artísticas, recreativas y de entretenimiento	Hombres	2016	19.367,34
R Actividades artísticas, recreativas y de entretenimiento	Hombres	2015	19.571,39
R Actividades artísticas, recreativas y de entretenimiento	Hombres	2014	19.512,34
R Actividades artísticas, recreativas y de entretenimiento	Hombres	2013	19.938,5
R Actividades artísticas, recreativas y de entretenimiento	Hombres	2012	19.139,23
R Actividades artísticas, recreativas y de entretenimiento	Hombres	2011	19.872,84
R Actividades artísticas, recreativas y de entretenimiento	Hombres	2010	20.345,08
R Actividades artísticas, recreativas y de entretenimiento	Hombres	2009	18.371,52
R Actividades artísticas, recreativas y de entretenimiento	Hombres	2008	18.667,22
S Otros servicios	Ambos sexos	2022	18.269,96
S Otros servicios	Ambos sexos	2021	18.220,77
S Otros servicios	Ambos sexos	2020	17.468,15
S Otros servicios	Ambos sexos	2019	17.066,82
S Otros servicios	Ambos sexos	2018	16.374,23
S Otros servicios	Ambos sexos	2017	16.202,92
S Otros servicios	Ambos sexos	2016	15.782,15
S Otros servicios	Ambos sexos	2015	16.033,97
S Otros servicios	Ambos sexos	2014	16.225,41
S Otros servicios	Ambos sexos	2013	16.734,95
S Otros servicios	Ambos sexos	2012	16.918,36
S Otros servicios	Ambos sexos	2011	17.035,17
S Otros servicios	Ambos sexos	2010	16.544,57
S Otros servicios	Ambos sexos	2009	15.868,73
S Otros servicios	Ambos sexos	2008	15.412,44
S Otros servicios	Mujeres	2022	16.590,01
S Otros servicios	Mujeres	2021	16.367,77
S Otros servicios	Mujeres	2020	15.319,56
S Otros servicios	Mujeres	2019	14.952,83
S Otros servicios	Mujeres	2018	14.266,89
S Otros servicios	Mujeres	2017	14.000,99
S Otros servicios	Mujeres	2016	13.687,57
S Otros servicios	Mujeres	2015	13.772,86
S Otros servicios	Mujeres	2014	13.960,86
S Otros servicios	Mujeres	2013	14.190,29
S Otros servicios	Mujeres	2012	14.254,29
S Otros servicios	Mujeres	2011	14.315,37
S Otros servicios	Mujeres	2010	14.040,56
S Otros servicios	Mujeres	2009	13.721,92
S Otros servicios	Mujeres	2008	13.066,14
S Otros servicios	Hombres	2022	22.151,54
S Otros servicios	Hombres	2021	21.823,47
S Otros servicios	Hombres	2020	21.780,54
S Otros servicios	Hombres	2019	21.425,62
S Otros servicios	Hombres	2018	20.798,04
S Otros servicios	Hombres	2017	20.752,34
S Otros servicios	Hombres	2016	20.195,94
S Otros servicios	Hombres	2015	20.781,89
S Otros servicios	Hombres	2014	21.003,6
S Otros servicios	Hombres	2013	21.893,63
S Otros servicios	Hombres	2012	22.308,37
S Otros servicios	Hombres	2011	22.304,83
S Otros servicios	Hombres	2010	21.759,21
S Otros servicios	Hombres	2009	20.085,94
S Otros servicios	Hombres	2008	19.826,09
