Tipo de jornada	Intervalos de salario	Sexo	Periodo	Total
Total	Total de trabajadores	Ambos sexos	2022	100
Total	Total de trabajadores	Ambos sexos	2021	100
Total	Total de trabajadores	Ambos sexos	2020	100
Total	Total de trabajadores	Ambos sexos	2019	100
Total	Total de trabajadores	Ambos sexos	2018	100
Total	Total de trabajadores	Ambos sexos	2017	100
Total	Total de trabajadores	Ambos sexos	2016	100
Total	Total de trabajadores	Ambos sexos	2015	100
Total	Total de trabajadores	Ambos sexos	2014	100
Total	Total de trabajadores	Ambos sexos	2013	100
Total	Total de trabajadores	Ambos sexos	2012	100
Total	Total de trabajadores	Ambos sexos	2011	100
Total	Total de trabajadores	Ambos sexos	2010	100
Total	Total de trabajadores	Ambos sexos	2009	100
Total	Total de trabajadores	Ambos sexos	2008	100
Total	Total de trabajadores	Mujeres	2022	100
Total	Total de trabajadores	Mujeres	2021	100
Total	Total de trabajadores	Mujeres	2020	100
Total	Total de trabajadores	Mujeres	2019	100
Total	Total de trabajadores	Mujeres	2018	100
Total	Total de trabajadores	Mujeres	2017	100
Total	Total de trabajadores	Mujeres	2016	100
Total	Total de trabajadores	Mujeres	2015	100
Total	Total de trabajadores	Mujeres	2014	100
Total	Total de trabajadores	Mujeres	2013	100
Total	Total de trabajadores	Mujeres	2012	100
Total	Total de trabajadores	Mujeres	2011	100
Total	Total de trabajadores	Mujeres	2010	100
Total	Total de trabajadores	Mujeres	2009	100
Total	Total de trabajadores	Mujeres	2008	100
Total	Total de trabajadores	Hombres	2022	100
Total	Total de trabajadores	Hombres	2021	100
Total	Total de trabajadores	Hombres	2020	100
Total	Total de trabajadores	Hombres	2019	100
Total	Total de trabajadores	Hombres	2018	100
Total	Total de trabajadores	Hombres	2017	100
Total	Total de trabajadores	Hombres	2016	100
Total	Total de trabajadores	Hombres	2015	100
Total	Total de trabajadores	Hombres	2014	100
Total	Total de trabajadores	Hombres	2013	100
Total	Total de trabajadores	Hombres	2012	100
Total	Total de trabajadores	Hombres	2011	100
Total	Total de trabajadores	Hombres	2010	100
Total	Total de trabajadores	Hombres	2009	100
Total	Total de trabajadores	Hombres	2008	100
Total	De 0 a 1 SMI	Ambos sexos	2022	17,1
Total	De 0 a 1 SMI	Ambos sexos	2021	17,53
Total	De 0 a 1 SMI	Ambos sexos	2020	19,36
Total	De 0 a 1 SMI	Ambos sexos	2019	18,18
Total	De 0 a 1 SMI	Ambos sexos	2018	14,1
Total	De 0 a 1 SMI	Ambos sexos	2017	13,06
Total	De 0 a 1 SMI	Ambos sexos	2016	12,56
Total	De 0 a 1 SMI	Ambos sexos	2015	12,62
Total	De 0 a 1 SMI	Ambos sexos	2014	12,98
Total	De 0 a 1 SMI	Ambos sexos	2013	13,28
Total	De 0 a 1 SMI	Ambos sexos	2012	12,25
Total	De 0 a 1 SMI	Ambos sexos	2011	11,3
Total	De 0 a 1 SMI	Ambos sexos	2010	10,46
Total	De 0 a 1 SMI	Ambos sexos	2009	10,02
Total	De 0 a 1 SMI	Ambos sexos	2008	8,86
Total	De 0 a 1 SMI	Mujeres	2022	24,28
Total	De 0 a 1 SMI	Mujeres	2021	25
Total	De 0 a 1 SMI	Mujeres	2020	27,49
Total	De 0 a 1 SMI	Mujeres	2019	25,72
Total	De 0 a 1 SMI	Mujeres	2018	20,56
Total	De 0 a 1 SMI	Mujeres	2017	18,84
Total	De 0 a 1 SMI	Mujeres	2016	17,79
Total	De 0 a 1 SMI	Mujeres	2015	18,19
Total	De 0 a 1 SMI	Mujeres	2014	18,57
Total	De 0 a 1 SMI	Mujeres	2013	18,62
Total	De 0 a 1 SMI	Mujeres	2012	17,36
Total	De 0 a 1 SMI	Mujeres	2011	16,38
Total	De 0 a 1 SMI	Mujeres	2010	15,53
Total	De 0 a 1 SMI	Mujeres	2009	15,25
Total	De 0 a 1 SMI	Mujeres	2008	14,12
Total	De 0 a 1 SMI	Hombres	2022	10,34
Total	De 0 a 1 SMI	Hombres	2021	10,69
Total	De 0 a 1 SMI	Hombres	2020	11,9
Total	De 0 a 1 SMI	Hombres	2019	11,12
Total	De 0 a 1 SMI	Hombres	2018	8,22
Total	De 0 a 1 SMI	Hombres	2017	7,83
Total	De 0 a 1 SMI	Hombres	2016	7,78
Total	De 0 a 1 SMI	Hombres	2015	7,36
Total	De 0 a 1 SMI	Hombres	2014	7,83
Total	De 0 a 1 SMI	Hombres	2013	8,29
Total	De 0 a 1 SMI	Hombres	2012	7,52
Total	De 0 a 1 SMI	Hombres	2011	6,8
Total	De 0 a 1 SMI	Hombres	2010	5,99
Total	De 0 a 1 SMI	Hombres	2009	5,69
Total	De 0 a 1 SMI	Hombres	2008	4,76
Total	De 1 a 2 SMI	Ambos sexos	2022	48,16
Total	De 1 a 2 SMI	Ambos sexos	2021	46,84
Total	De 1 a 2 SMI	Ambos sexos	2020	46,65
Total	De 1 a 2 SMI	Ambos sexos	2019	46,35
Total	De 1 a 2 SMI	Ambos sexos	2018	37,81
Total	De 1 a 2 SMI	Ambos sexos	2017	36,9
Total	De 1 a 2 SMI	Ambos sexos	2016	33,15
Total	De 1 a 2 SMI	Ambos sexos	2015	32,34
Total	De 1 a 2 SMI	Ambos sexos	2014	32,11
Total	De 1 a 2 SMI	Ambos sexos	2013	32,96
Total	De 1 a 2 SMI	Ambos sexos	2012	33,15
Total	De 1 a 2 SMI	Ambos sexos	2011	33,16
Total	De 1 a 2 SMI	Ambos sexos	2010	33,9
Total	De 1 a 2 SMI	Ambos sexos	2009	34,19
Total	De 1 a 2 SMI	Ambos sexos	2008	34,4
Total	De 1 a 2 SMI	Mujeres	2022	45,95
Total	De 1 a 2 SMI	Mujeres	2021	44,85
Total	De 1 a 2 SMI	Mujeres	2020	43,8
Total	De 1 a 2 SMI	Mujeres	2019	44,78
Total	De 1 a 2 SMI	Mujeres	2018	40,14
Total	De 1 a 2 SMI	Mujeres	2017	40,37
Total	De 1 a 2 SMI	Mujeres	2016	37,7
Total	De 1 a 2 SMI	Mujeres	2015	36,86
Total	De 1 a 2 SMI	Mujeres	2014	36,38
Total	De 1 a 2 SMI	Mujeres	2013	37,85
Total	De 1 a 2 SMI	Mujeres	2012	38,64
Total	De 1 a 2 SMI	Mujeres	2011	38,19
Total	De 1 a 2 SMI	Mujeres	2010	39,3
Total	De 1 a 2 SMI	Mujeres	2009	39,21
Total	De 1 a 2 SMI	Mujeres	2008	39,97
Total	De 1 a 2 SMI	Hombres	2022	50,24
Total	De 1 a 2 SMI	Hombres	2021	48,67
Total	De 1 a 2 SMI	Hombres	2020	49,27
Total	De 1 a 2 SMI	Hombres	2019	47,81
Total	De 1 a 2 SMI	Hombres	2018	35,69
Total	De 1 a 2 SMI	Hombres	2017	33,76
Total	De 1 a 2 SMI	Hombres	2016	29
Total	De 1 a 2 SMI	Hombres	2015	28,07
Total	De 1 a 2 SMI	Hombres	2014	28,18
Total	De 1 a 2 SMI	Hombres	2013	28,38
Total	De 1 a 2 SMI	Hombres	2012	28,07
Total	De 1 a 2 SMI	Hombres	2011	28,73
Total	De 1 a 2 SMI	Hombres	2010	29,15
Total	De 1 a 2 SMI	Hombres	2009	30,04
Total	De 1 a 2 SMI	Hombres	2008	30,06
Total	De 2 a 3 SMI	Ambos sexos	2022	20
Total	De 2 a 3 SMI	Ambos sexos	2021	20,49
Total	De 2 a 3 SMI	Ambos sexos	2020	19,58
Total	De 2 a 3 SMI	Ambos sexos	2019	20,13
Total	De 2 a 3 SMI	Ambos sexos	2018	24,5
Total	De 2 a 3 SMI	Ambos sexos	2017	25,19
Total	De 2 a 3 SMI	Ambos sexos	2016	26,3
Total	De 2 a 3 SMI	Ambos sexos	2015	26,54
Total	De 2 a 3 SMI	Ambos sexos	2014	26,77
Total	De 2 a 3 SMI	Ambos sexos	2013	26,08
Total	De 2 a 3 SMI	Ambos sexos	2012	26,88
Total	De 2 a 3 SMI	Ambos sexos	2011	27,17
Total	De 2 a 3 SMI	Ambos sexos	2010	27,4
Total	De 2 a 3 SMI	Ambos sexos	2009	27,42
Total	De 2 a 3 SMI	Ambos sexos	2008	28,31
Total	De 2 a 3 SMI	Mujeres	2022	17,88
Total	De 2 a 3 SMI	Mujeres	2021	18,53
Total	De 2 a 3 SMI	Mujeres	2020	17,58
Total	De 2 a 3 SMI	Mujeres	2019	17,66
Total	De 2 a 3 SMI	Mujeres	2018	20,7
Total	De 2 a 3 SMI	Mujeres	2017	21,54
Total	De 2 a 3 SMI	Mujeres	2016	22,57
Total	De 2 a 3 SMI	Mujeres	2015	22,78
Total	De 2 a 3 SMI	Mujeres	2014	23,57
Total	De 2 a 3 SMI	Mujeres	2013	23,09
Total	De 2 a 3 SMI	Mujeres	2012	23,59
Total	De 2 a 3 SMI	Mujeres	2011	24,07
Total	De 2 a 3 SMI	Mujeres	2010	23,6
Total	De 2 a 3 SMI	Mujeres	2009	23,75
Total	De 2 a 3 SMI	Mujeres	2008	24,2
Total	De 2 a 3 SMI	Hombres	2022	21,99
Total	De 2 a 3 SMI	Hombres	2021	22,29
Total	De 2 a 3 SMI	Hombres	2020	21,42
Total	De 2 a 3 SMI	Hombres	2019	22,44
Total	De 2 a 3 SMI	Hombres	2018	27,96
Total	De 2 a 3 SMI	Hombres	2017	28,49
Total	De 2 a 3 SMI	Hombres	2016	29,72
Total	De 2 a 3 SMI	Hombres	2015	30,09
Total	De 2 a 3 SMI	Hombres	2014	29,71
Total	De 2 a 3 SMI	Hombres	2013	28,89
Total	De 2 a 3 SMI	Hombres	2012	29,92
Total	De 2 a 3 SMI	Hombres	2011	29,92
Total	De 2 a 3 SMI	Hombres	2010	30,74
Total	De 2 a 3 SMI	Hombres	2009	30,46
Total	De 2 a 3 SMI	Hombres	2008	31,51
Total	De 3 a 4 SMI	Ambos sexos	2022	8,29
Total	De 3 a 4 SMI	Ambos sexos	2021	8,76
Total	De 3 a 4 SMI	Ambos sexos	2020	8,35
Total	De 3 a 4 SMI	Ambos sexos	2019	8,87
Total	De 3 a 4 SMI	Ambos sexos	2018	11,97
Total	De 3 a 4 SMI	Ambos sexos	2017	12,46
Total	De 3 a 4 SMI	Ambos sexos	2016	13,28
Total	De 3 a 4 SMI	Ambos sexos	2015	13,45
Total	De 3 a 4 SMI	Ambos sexos	2014	13,42
Total	De 3 a 4 SMI	Ambos sexos	2013	13
Total	De 3 a 4 SMI	Ambos sexos	2012	13,25
Total	De 3 a 4 SMI	Ambos sexos	2011	13,6
Total	De 3 a 4 SMI	Ambos sexos	2010	13,32
Total	De 3 a 4 SMI	Ambos sexos	2009	13,1
Total	De 3 a 4 SMI	Ambos sexos	2008	13,33
Total	De 3 a 4 SMI	Mujeres	2022	7
Total	De 3 a 4 SMI	Mujeres	2021	7,03
Total	De 3 a 4 SMI	Mujeres	2020	6,78
Total	De 3 a 4 SMI	Mujeres	2019	7,14
Total	De 3 a 4 SMI	Mujeres	2018	10,11
Total	De 3 a 4 SMI	Mujeres	2017	10,51
Total	De 3 a 4 SMI	Mujeres	2016	11,54
Total	De 3 a 4 SMI	Mujeres	2015	11,45
Total	De 3 a 4 SMI	Mujeres	2014	11,08
Total	De 3 a 4 SMI	Mujeres	2013	10,52
Total	De 3 a 4 SMI	Mujeres	2012	10,77
Total	De 3 a 4 SMI	Mujeres	2011	11,4
Total	De 3 a 4 SMI	Mujeres	2010	10,94
Total	De 3 a 4 SMI	Mujeres	2009	10,75
Total	De 3 a 4 SMI	Mujeres	2008	10,98
Total	De 3 a 4 SMI	Hombres	2022	9,49
Total	De 3 a 4 SMI	Hombres	2021	10,34
Total	De 3 a 4 SMI	Hombres	2020	9,79
Total	De 3 a 4 SMI	Hombres	2019	10,49
Total	De 3 a 4 SMI	Hombres	2018	13,66
Total	De 3 a 4 SMI	Hombres	2017	14,22
Total	De 3 a 4 SMI	Hombres	2016	14,87
Total	De 3 a 4 SMI	Hombres	2015	15,33
Total	De 3 a 4 SMI	Hombres	2014	15,56
Total	De 3 a 4 SMI	Hombres	2013	15,32
Total	De 3 a 4 SMI	Hombres	2012	15,55
Total	De 3 a 4 SMI	Hombres	2011	15,54
Total	De 3 a 4 SMI	Hombres	2010	15,42
Total	De 3 a 4 SMI	Hombres	2009	15,04
Total	De 3 a 4 SMI	Hombres	2008	15,17
Total	De 4 a 5 SMI	Ambos sexos	2022	3,4
Total	De 4 a 5 SMI	Ambos sexos	2021	3,28
Total	De 4 a 5 SMI	Ambos sexos	2020	3,21
Total	De 4 a 5 SMI	Ambos sexos	2019	3,32
Total	De 4 a 5 SMI	Ambos sexos	2018	5,55
Total	De 4 a 5 SMI	Ambos sexos	2017	6,22
Total	De 4 a 5 SMI	Ambos sexos	2016	7,24
Total	De 4 a 5 SMI	Ambos sexos	2015	7,57
Total	De 4 a 5 SMI	Ambos sexos	2014	7,08
Total	De 4 a 5 SMI	Ambos sexos	2013	7,11
Total	De 4 a 5 SMI	Ambos sexos	2012	6,79
Total	De 4 a 5 SMI	Ambos sexos	2011	7,4
Total	De 4 a 5 SMI	Ambos sexos	2010	7,11
Total	De 4 a 5 SMI	Ambos sexos	2009	7,73
Total	De 4 a 5 SMI	Ambos sexos	2008	7,37
Total	De 4 a 5 SMI	Mujeres	2022	2,68
Total	De 4 a 5 SMI	Mujeres	2021	2,43
Total	De 4 a 5 SMI	Mujeres	2020	2,43
Total	De 4 a 5 SMI	Mujeres	2019	2,57
Total	De 4 a 5 SMI	Mujeres	2018	4,35
Total	De 4 a 5 SMI	Mujeres	2017	4,56
Total	De 4 a 5 SMI	Mujeres	2016	5,52
Total	De 4 a 5 SMI	Mujeres	2015	5,7
Total	De 4 a 5 SMI	Mujeres	2014	5,39
Total	De 4 a 5 SMI	Mujeres	2013	5,19
Total	De 4 a 5 SMI	Mujeres	2012	4,92
Total	De 4 a 5 SMI	Mujeres	2011	5,56
Total	De 4 a 5 SMI	Mujeres	2010	5,56
Total	De 4 a 5 SMI	Mujeres	2009	6,26
Total	De 4 a 5 SMI	Mujeres	2008	5,77
Total	De 4 a 5 SMI	Hombres	2022	4,08
Total	De 4 a 5 SMI	Hombres	2021	4,07
Total	De 4 a 5 SMI	Hombres	2020	3,92
Total	De 4 a 5 SMI	Hombres	2019	4,03
Total	De 4 a 5 SMI	Hombres	2018	6,63
Total	De 4 a 5 SMI	Hombres	2017	7,71
Total	De 4 a 5 SMI	Hombres	2016	8,8
Total	De 4 a 5 SMI	Hombres	2015	9,33
Total	De 4 a 5 SMI	Hombres	2014	8,64
Total	De 4 a 5 SMI	Hombres	2013	8,9
Total	De 4 a 5 SMI	Hombres	2012	8,53
Total	De 4 a 5 SMI	Hombres	2011	9,03
Total	De 4 a 5 SMI	Hombres	2010	8,48
Total	De 4 a 5 SMI	Hombres	2009	8,95
Total	De 4 a 5 SMI	Hombres	2008	8,61
Total	De 5 a 6 SMI	Ambos sexos	2022	1,68
Total	De 5 a 6 SMI	Ambos sexos	2021	1,71
Total	De 5 a 6 SMI	Ambos sexos	2020	1,66
Total	De 5 a 6 SMI	Ambos sexos	2019	1,76
Total	De 5 a 6 SMI	Ambos sexos	2018	2,77
Total	De 5 a 6 SMI	Ambos sexos	2017	2,68
Total	De 5 a 6 SMI	Ambos sexos	2016	3,14
Total	De 5 a 6 SMI	Ambos sexos	2015	3,15
Total	De 5 a 6 SMI	Ambos sexos	2014	3,31
Total	De 5 a 6 SMI	Ambos sexos	2013	3,18
Total	De 5 a 6 SMI	Ambos sexos	2012	3,22
Total	De 5 a 6 SMI	Ambos sexos	2011	3,14
Total	De 5 a 6 SMI	Ambos sexos	2010	3,32
Total	De 5 a 6 SMI	Ambos sexos	2009	3,4
Total	De 5 a 6 SMI	Ambos sexos	2008	3,37
Total	De 5 a 6 SMI	Mujeres	2022	1,27
Total	De 5 a 6 SMI	Mujeres	2021	1,27
Total	De 5 a 6 SMI	Mujeres	2020	1,15
Total	De 5 a 6 SMI	Mujeres	2019	1,24
Total	De 5 a 6 SMI	Mujeres	2018	1,94
Total	De 5 a 6 SMI	Mujeres	2017	1,92
Total	De 5 a 6 SMI	Mujeres	2016	2,22
Total	De 5 a 6 SMI	Mujeres	2015	2,23
Total	De 5 a 6 SMI	Mujeres	2014	2,35
Total	De 5 a 6 SMI	Mujeres	2013	2,18
Total	De 5 a 6 SMI	Mujeres	2012	2,14
Total	De 5 a 6 SMI	Mujeres	2011	2,02
Total	De 5 a 6 SMI	Mujeres	2010	2,31
Total	De 5 a 6 SMI	Mujeres	2009	2,48
Total	De 5 a 6 SMI	Mujeres	2008	2,41
Total	De 5 a 6 SMI	Hombres	2022	2,06
Total	De 5 a 6 SMI	Hombres	2021	2,12
Total	De 5 a 6 SMI	Hombres	2020	2,13
Total	De 5 a 6 SMI	Hombres	2019	2,25
Total	De 5 a 6 SMI	Hombres	2018	3,53
Total	De 5 a 6 SMI	Hombres	2017	3,37
Total	De 5 a 6 SMI	Hombres	2016	3,99
Total	De 5 a 6 SMI	Hombres	2015	4,03
Total	De 5 a 6 SMI	Hombres	2014	4,2
Total	De 5 a 6 SMI	Hombres	2013	4,11
Total	De 5 a 6 SMI	Hombres	2012	4,22
Total	De 5 a 6 SMI	Hombres	2011	4,13
Total	De 5 a 6 SMI	Hombres	2010	4,2
Total	De 5 a 6 SMI	Hombres	2009	4,16
Total	De 5 a 6 SMI	Hombres	2008	4,11
Total	De 6 a 7 SMI	Ambos sexos	2022	0,84
Total	De 6 a 7 SMI	Ambos sexos	2021	0,92
Total	De 6 a 7 SMI	Ambos sexos	2020	0,81
Total	De 6 a 7 SMI	Ambos sexos	2019	0,86
Total	De 6 a 7 SMI	Ambos sexos	2018	1,57
Total	De 6 a 7 SMI	Ambos sexos	2017	1,64
Total	De 6 a 7 SMI	Ambos sexos	2016	1,87
Total	De 6 a 7 SMI	Ambos sexos	2015	1,82
Total	De 6 a 7 SMI	Ambos sexos	2014	1,91
Total	De 6 a 7 SMI	Ambos sexos	2013	1,89
Total	De 6 a 7 SMI	Ambos sexos	2012	1,92
Total	De 6 a 7 SMI	Ambos sexos	2011	1,92
Total	De 6 a 7 SMI	Ambos sexos	2010	1,93
Total	De 6 a 7 SMI	Ambos sexos	2009	1,85
Total	De 6 a 7 SMI	Ambos sexos	2008	1,79
Total	De 6 a 7 SMI	Mujeres	2022	0,62
Total	De 6 a 7 SMI	Mujeres	2021	0,66
Total	De 6 a 7 SMI	Mujeres	2020	0,56
Total	De 6 a 7 SMI	Mujeres	2019	0,6
Total	De 6 a 7 SMI	Mujeres	2018	1,11
Total	De 6 a 7 SMI	Mujeres	2017	1,16
Total	De 6 a 7 SMI	Mujeres	2016	1,26
Total	De 6 a 7 SMI	Mujeres	2015	1,26
Total	De 6 a 7 SMI	Mujeres	2014	1,29
Total	De 6 a 7 SMI	Mujeres	2013	1,14
Total	De 6 a 7 SMI	Mujeres	2012	1,19
Total	De 6 a 7 SMI	Mujeres	2011	1,21
Total	De 6 a 7 SMI	Mujeres	2010	1,26
Total	De 6 a 7 SMI	Mujeres	2009	1,13
Total	De 6 a 7 SMI	Mujeres	2008	1,07
Total	De 6 a 7 SMI	Hombres	2022	1,04
Total	De 6 a 7 SMI	Hombres	2021	1,15
Total	De 6 a 7 SMI	Hombres	2020	1,03
Total	De 6 a 7 SMI	Hombres	2019	1,12
Total	De 6 a 7 SMI	Hombres	2018	1,98
Total	De 6 a 7 SMI	Hombres	2017	2,08
Total	De 6 a 7 SMI	Hombres	2016	2,43
Total	De 6 a 7 SMI	Hombres	2015	2,34
Total	De 6 a 7 SMI	Hombres	2014	2,48
Total	De 6 a 7 SMI	Hombres	2013	2,6
Total	De 6 a 7 SMI	Hombres	2012	2,59
Total	De 6 a 7 SMI	Hombres	2011	2,54
Total	De 6 a 7 SMI	Hombres	2010	2,53
Total	De 6 a 7 SMI	Hombres	2009	2,44
Total	De 6 a 7 SMI	Hombres	2008	2,34
Total	De 7 a 8 SMI	Ambos sexos	2022	0,4
Total	De 7 a 8 SMI	Ambos sexos	2021	0,32
Total	De 7 a 8 SMI	Ambos sexos	2020	0,24
Total	De 7 a 8 SMI	Ambos sexos	2019	0,37
Total	De 7 a 8 SMI	Ambos sexos	2018	0,89
Total	De 7 a 8 SMI	Ambos sexos	2017	0,94
Total	De 7 a 8 SMI	Ambos sexos	2016	1,13
Total	De 7 a 8 SMI	Ambos sexos	2015	1,22
Total	De 7 a 8 SMI	Ambos sexos	2014	1,11
Total	De 7 a 8 SMI	Ambos sexos	2013	1,12
Total	De 7 a 8 SMI	Ambos sexos	2012	1,16
Total	De 7 a 8 SMI	Ambos sexos	2011	1,05
Total	De 7 a 8 SMI	Ambos sexos	2010	1,16
Total	De 7 a 8 SMI	Ambos sexos	2009	1,15
Total	De 7 a 8 SMI	Ambos sexos	2008	1,16
Total	De 7 a 8 SMI	Mujeres	2022	0,26
Total	De 7 a 8 SMI	Mujeres	2021	0,18
Total	De 7 a 8 SMI	Mujeres	2020	0,15
Total	De 7 a 8 SMI	Mujeres	2019	0,24
Total	De 7 a 8 SMI	Mujeres	2018	0,65
Total	De 7 a 8 SMI	Mujeres	2017	0,61
Total	De 7 a 8 SMI	Mujeres	2016	0,68
Total	De 7 a 8 SMI	Mujeres	2015	0,79
Total	De 7 a 8 SMI	Mujeres	2014	0,71
Total	De 7 a 8 SMI	Mujeres	2013	0,72
Total	De 7 a 8 SMI	Mujeres	2012	0,66
Total	De 7 a 8 SMI	Mujeres	2011	0,55
Total	De 7 a 8 SMI	Mujeres	2010	0,72
Total	De 7 a 8 SMI	Mujeres	2009	0,69
Total	De 7 a 8 SMI	Mujeres	2008	0,74
Total	De 7 a 8 SMI	Hombres	2022	0,54
Total	De 7 a 8 SMI	Hombres	2021	0,44
Total	De 7 a 8 SMI	Hombres	2020	0,33
Total	De 7 a 8 SMI	Hombres	2019	0,48
Total	De 7 a 8 SMI	Hombres	2018	1,1
Total	De 7 a 8 SMI	Hombres	2017	1,24
Total	De 7 a 8 SMI	Hombres	2016	1,54
Total	De 7 a 8 SMI	Hombres	2015	1,62
Total	De 7 a 8 SMI	Hombres	2014	1,48
Total	De 7 a 8 SMI	Hombres	2013	1,49
Total	De 7 a 8 SMI	Hombres	2012	1,61
Total	De 7 a 8 SMI	Hombres	2011	1,49
Total	De 7 a 8 SMI	Hombres	2010	1,55
Total	De 7 a 8 SMI	Hombres	2009	1,53
Total	De 7 a 8 SMI	Hombres	2008	1,49
Total	Más de 8 SMI	Ambos sexos	2022	0,14
Total	Más de 8 SMI	Ambos sexos	2021	0,15
Total	Más de 8 SMI	Ambos sexos	2020	0,14
Total	Más de 8 SMI	Ambos sexos	2019	0,16
Total	Más de 8 SMI	Ambos sexos	2018	0,85
Total	Más de 8 SMI	Ambos sexos	2017	0,91
Total	Más de 8 SMI	Ambos sexos	2016	1,33
Total	Más de 8 SMI	Ambos sexos	2015	1,3
Total	Más de 8 SMI	Ambos sexos	2014	1,31
Total	Más de 8 SMI	Ambos sexos	2013	1,38
Total	Más de 8 SMI	Ambos sexos	2012	1,38
Total	Más de 8 SMI	Ambos sexos	2011	1,25
Total	Más de 8 SMI	Ambos sexos	2010	1,39
Total	Más de 8 SMI	Ambos sexos	2009	1,14
Total	Más de 8 SMI	Ambos sexos	2008	1,42
Total	Más de 8 SMI	Mujeres	2022	0,07
Total	Más de 8 SMI	Mujeres	2021	0,07
Total	Más de 8 SMI	Mujeres	2020	0,05
Total	Más de 8 SMI	Mujeres	2019	0,06
Total	Más de 8 SMI	Mujeres	2018	0,45
Total	Más de 8 SMI	Mujeres	2017	0,49
Total	Más de 8 SMI	Mujeres	2016	0,73
Total	Más de 8 SMI	Mujeres	2015	0,74
Total	Más de 8 SMI	Mujeres	2014	0,66
Total	Más de 8 SMI	Mujeres	2013	0,69
Total	Más de 8 SMI	Mujeres	2012	0,73
Total	Más de 8 SMI	Mujeres	2011	0,63
Total	Más de 8 SMI	Mujeres	2010	0,77
Total	Más de 8 SMI	Mujeres	2009	0,47
Total	Más de 8 SMI	Mujeres	2008	0,73
Total	Más de 8 SMI	Hombres	2022	0,21
Total	Más de 8 SMI	Hombres	2021	0,22
Total	Más de 8 SMI	Hombres	2020	0,21
Total	Más de 8 SMI	Hombres	2019	0,25
Total	Más de 8 SMI	Hombres	2018	1,22
Total	Más de 8 SMI	Hombres	2017	1,29
Total	Más de 8 SMI	Hombres	2016	1,87
Total	Más de 8 SMI	Hombres	2015	1,83
Total	Más de 8 SMI	Hombres	2014	1,91
Total	Más de 8 SMI	Hombres	2013	2,02
Total	Más de 8 SMI	Hombres	2012	1,98
Total	Más de 8 SMI	Hombres	2011	1,81
Total	Más de 8 SMI	Hombres	2010	1,94
Total	Más de 8 SMI	Hombres	2009	1,68
Total	Más de 8 SMI	Hombres	2008	1,95
Jornada a tiempo completo	Total de trabajadores	Ambos sexos	2022	100
Jornada a tiempo completo	Total de trabajadores	Ambos sexos	2021	100
Jornada a tiempo completo	Total de trabajadores	Ambos sexos	2020	100
Jornada a tiempo completo	Total de trabajadores	Ambos sexos	2019	100
Jornada a tiempo completo	Total de trabajadores	Ambos sexos	2018	100
Jornada a tiempo completo	Total de trabajadores	Ambos sexos	2017	100
Jornada a tiempo completo	Total de trabajadores	Ambos sexos	2016	100
Jornada a tiempo completo	Total de trabajadores	Ambos sexos	2015	100
Jornada a tiempo completo	Total de trabajadores	Ambos sexos	2014	100
Jornada a tiempo completo	Total de trabajadores	Ambos sexos	2013	100
Jornada a tiempo completo	Total de trabajadores	Ambos sexos	2012	100
Jornada a tiempo completo	Total de trabajadores	Ambos sexos	2011	100
Jornada a tiempo completo	Total de trabajadores	Ambos sexos	2010	100
Jornada a tiempo completo	Total de trabajadores	Ambos sexos	2009	100
Jornada a tiempo completo	Total de trabajadores	Ambos sexos	2008	100
Jornada a tiempo completo	Total de trabajadores	Mujeres	2022	100
Jornada a tiempo completo	Total de trabajadores	Mujeres	2021	100
Jornada a tiempo completo	Total de trabajadores	Mujeres	2020	100
Jornada a tiempo completo	Total de trabajadores	Mujeres	2019	100
Jornada a tiempo completo	Total de trabajadores	Mujeres	2018	100
Jornada a tiempo completo	Total de trabajadores	Mujeres	2017	100
Jornada a tiempo completo	Total de trabajadores	Mujeres	2016	100
Jornada a tiempo completo	Total de trabajadores	Mujeres	2015	100
Jornada a tiempo completo	Total de trabajadores	Mujeres	2014	100
Jornada a tiempo completo	Total de trabajadores	Mujeres	2013	100
Jornada a tiempo completo	Total de trabajadores	Mujeres	2012	100
Jornada a tiempo completo	Total de trabajadores	Mujeres	2011	100
Jornada a tiempo completo	Total de trabajadores	Mujeres	2010	100
Jornada a tiempo completo	Total de trabajadores	Mujeres	2009	100
Jornada a tiempo completo	Total de trabajadores	Mujeres	2008	100
Jornada a tiempo completo	Total de trabajadores	Hombres	2022	100
Jornada a tiempo completo	Total de trabajadores	Hombres	2021	100
Jornada a tiempo completo	Total de trabajadores	Hombres	2020	100
Jornada a tiempo completo	Total de trabajadores	Hombres	2019	100
Jornada a tiempo completo	Total de trabajadores	Hombres	2018	100
Jornada a tiempo completo	Total de trabajadores	Hombres	2017	100
Jornada a tiempo completo	Total de trabajadores	Hombres	2016	100
Jornada a tiempo completo	Total de trabajadores	Hombres	2015	100
Jornada a tiempo completo	Total de trabajadores	Hombres	2014	100
Jornada a tiempo completo	Total de trabajadores	Hombres	2013	100
Jornada a tiempo completo	Total de trabajadores	Hombres	2012	100
Jornada a tiempo completo	Total de trabajadores	Hombres	2011	100
Jornada a tiempo completo	Total de trabajadores	Hombres	2010	100
Jornada a tiempo completo	Total de trabajadores	Hombres	2009	100
Jornada a tiempo completo	Total de trabajadores	Hombres	2008	100
Jornada a tiempo completo	De 0 a 1 SMI	Ambos sexos	2022	3,35
Jornada a tiempo completo	De 0 a 1 SMI	Ambos sexos	2021	4,15
Jornada a tiempo completo	De 0 a 1 SMI	Ambos sexos	2020	5,57
Jornada a tiempo completo	De 0 a 1 SMI	Ambos sexos	2019	3,19
Jornada a tiempo completo	De 0 a 1 SMI	Ambos sexos	2018	0,82
Jornada a tiempo completo	De 0 a 1 SMI	Ambos sexos	2017	1,27
Jornada a tiempo completo	De 0 a 1 SMI	Ambos sexos	2016	1,5
Jornada a tiempo completo	De 0 a 1 SMI	Ambos sexos	2015	0,91
Jornada a tiempo completo	De 0 a 1 SMI	Ambos sexos	2014	0,23
Jornada a tiempo completo	De 0 a 1 SMI	Ambos sexos	2013	1,7
Jornada a tiempo completo	De 0 a 1 SMI	Ambos sexos	2012	1,52
Jornada a tiempo completo	De 0 a 1 SMI	Ambos sexos	2011	1,38
Jornada a tiempo completo	De 0 a 1 SMI	Ambos sexos	2010	0,3
Jornada a tiempo completo	De 0 a 1 SMI	Ambos sexos	2009	1,34
Jornada a tiempo completo	De 0 a 1 SMI	Ambos sexos	2008	1,35
Jornada a tiempo completo	De 0 a 1 SMI	Mujeres	2022	4,3
Jornada a tiempo completo	De 0 a 1 SMI	Mujeres	2021	6,03
Jornada a tiempo completo	De 0 a 1 SMI	Mujeres	2020	7,96
Jornada a tiempo completo	De 0 a 1 SMI	Mujeres	2019	4,82
Jornada a tiempo completo	De 0 a 1 SMI	Mujeres	2018	1,3
Jornada a tiempo completo	De 0 a 1 SMI	Mujeres	2017	1,95
Jornada a tiempo completo	De 0 a 1 SMI	Mujeres	2016	2,59
Jornada a tiempo completo	De 0 a 1 SMI	Mujeres	2015	1,94
Jornada a tiempo completo	De 0 a 1 SMI	Mujeres	2014	0,32
Jornada a tiempo completo	De 0 a 1 SMI	Mujeres	2013	2,63
Jornada a tiempo completo	De 0 a 1 SMI	Mujeres	2012	2,45
Jornada a tiempo completo	De 0 a 1 SMI	Mujeres	2011	2,22
Jornada a tiempo completo	De 0 a 1 SMI	Mujeres	2010	0,44
Jornada a tiempo completo	De 0 a 1 SMI	Mujeres	2009	2,4
Jornada a tiempo completo	De 0 a 1 SMI	Mujeres	2008	2,32
Jornada a tiempo completo	De 0 a 1 SMI	Hombres	2022	2,65
Jornada a tiempo completo	De 0 a 1 SMI	Hombres	2021	2,76
Jornada a tiempo completo	De 0 a 1 SMI	Hombres	2020	3,82
Jornada a tiempo completo	De 0 a 1 SMI	Hombres	2019	1,99
Jornada a tiempo completo	De 0 a 1 SMI	Hombres	2018	0,48
Jornada a tiempo completo	De 0 a 1 SMI	Hombres	2017	0,79
Jornada a tiempo completo	De 0 a 1 SMI	Hombres	2016	0,7
Jornada a tiempo completo	De 0 a 1 SMI	Hombres	2015	0,15
Jornada a tiempo completo	De 0 a 1 SMI	Hombres	2014	0,17
Jornada a tiempo completo	De 0 a 1 SMI	Hombres	2013	1
Jornada a tiempo completo	De 0 a 1 SMI	Hombres	2012	0,82
Jornada a tiempo completo	De 0 a 1 SMI	Hombres	2011	0,79
Jornada a tiempo completo	De 0 a 1 SMI	Hombres	2010	0,2
Jornada a tiempo completo	De 0 a 1 SMI	Hombres	2009	0,62
Jornada a tiempo completo	De 0 a 1 SMI	Hombres	2008	0,72
Jornada a tiempo completo	De 1 a 2 SMI	Ambos sexos	2022	53,16
Jornada a tiempo completo	De 1 a 2 SMI	Ambos sexos	2021	51,69
Jornada a tiempo completo	De 1 a 2 SMI	Ambos sexos	2020	52,27
Jornada a tiempo completo	De 1 a 2 SMI	Ambos sexos	2019	51,85
Jornada a tiempo completo	De 1 a 2 SMI	Ambos sexos	2018	38,76
Jornada a tiempo completo	De 1 a 2 SMI	Ambos sexos	2017	36,56
Jornada a tiempo completo	De 1 a 2 SMI	Ambos sexos	2016	31,12
Jornada a tiempo completo	De 1 a 2 SMI	Ambos sexos	2015	29,96
Jornada a tiempo completo	De 1 a 2 SMI	Ambos sexos	2014	30,25
Jornada a tiempo completo	De 1 a 2 SMI	Ambos sexos	2013	31,68
Jornada a tiempo completo	De 1 a 2 SMI	Ambos sexos	2012	31,79
Jornada a tiempo completo	De 1 a 2 SMI	Ambos sexos	2011	31,95
Jornada a tiempo completo	De 1 a 2 SMI	Ambos sexos	2010	32,69
Jornada a tiempo completo	De 1 a 2 SMI	Ambos sexos	2009	33,48
Jornada a tiempo completo	De 1 a 2 SMI	Ambos sexos	2008	33,49
Jornada a tiempo completo	De 1 a 2 SMI	Mujeres	2022	53,59
Jornada a tiempo completo	De 1 a 2 SMI	Mujeres	2021	52,07
Jornada a tiempo completo	De 1 a 2 SMI	Mujeres	2020	51,95
Jornada a tiempo completo	De 1 a 2 SMI	Mujeres	2019	52,93
Jornada a tiempo completo	De 1 a 2 SMI	Mujeres	2018	43,12
Jornada a tiempo completo	De 1 a 2 SMI	Mujeres	2017	41,12
Jornada a tiempo completo	De 1 a 2 SMI	Mujeres	2016	35,75
Jornada a tiempo completo	De 1 a 2 SMI	Mujeres	2015	34,59
Jornada a tiempo completo	De 1 a 2 SMI	Mujeres	2014	35,02
Jornada a tiempo completo	De 1 a 2 SMI	Mujeres	2013	37,39
Jornada a tiempo completo	De 1 a 2 SMI	Mujeres	2012	38,1
Jornada a tiempo completo	De 1 a 2 SMI	Mujeres	2011	37,37
Jornada a tiempo completo	De 1 a 2 SMI	Mujeres	2010	38,74
Jornada a tiempo completo	De 1 a 2 SMI	Mujeres	2009	39
Jornada a tiempo completo	De 1 a 2 SMI	Mujeres	2008	39,55
Jornada a tiempo completo	De 1 a 2 SMI	Hombres	2022	52,84
Jornada a tiempo completo	De 1 a 2 SMI	Hombres	2021	51,41
Jornada a tiempo completo	De 1 a 2 SMI	Hombres	2020	52,5
Jornada a tiempo completo	De 1 a 2 SMI	Hombres	2019	51,05
Jornada a tiempo completo	De 1 a 2 SMI	Hombres	2018	35,63
Jornada a tiempo completo	De 1 a 2 SMI	Hombres	2017	33,33
Jornada a tiempo completo	De 1 a 2 SMI	Hombres	2016	27,75
Jornada a tiempo completo	De 1 a 2 SMI	Hombres	2015	26,55
Jornada a tiempo completo	De 1 a 2 SMI	Hombres	2014	26,9
Jornada a tiempo completo	De 1 a 2 SMI	Hombres	2013	27,44
Jornada a tiempo completo	De 1 a 2 SMI	Hombres	2012	27,09
Jornada a tiempo completo	De 1 a 2 SMI	Hombres	2011	28,09
Jornada a tiempo completo	De 1 a 2 SMI	Hombres	2010	28,52
Jornada a tiempo completo	De 1 a 2 SMI	Hombres	2009	29,73
Jornada a tiempo completo	De 1 a 2 SMI	Hombres	2008	29,59
Jornada a tiempo completo	De 2 a 3 SMI	Ambos sexos	2022	24,74
Jornada a tiempo completo	De 2 a 3 SMI	Ambos sexos	2021	25,16
Jornada a tiempo completo	De 2 a 3 SMI	Ambos sexos	2020	24,08
Jornada a tiempo completo	De 2 a 3 SMI	Ambos sexos	2019	25,21
Jornada a tiempo completo	De 2 a 3 SMI	Ambos sexos	2018	30,16
Jornada a tiempo completo	De 2 a 3 SMI	Ambos sexos	2017	30,84
Jornada a tiempo completo	De 2 a 3 SMI	Ambos sexos	2016	31,99
Jornada a tiempo completo	De 2 a 3 SMI	Ambos sexos	2015	32,62
Jornada a tiempo completo	De 2 a 3 SMI	Ambos sexos	2014	33,07
Jornada a tiempo completo	De 2 a 3 SMI	Ambos sexos	2013	31,72
Jornada a tiempo completo	De 2 a 3 SMI	Ambos sexos	2012	32,25
Jornada a tiempo completo	De 2 a 3 SMI	Ambos sexos	2011	32,04
Jornada a tiempo completo	De 2 a 3 SMI	Ambos sexos	2010	32,42
Jornada a tiempo completo	De 2 a 3 SMI	Ambos sexos	2009	31,64
Jornada a tiempo completo	De 2 a 3 SMI	Ambos sexos	2008	32,16
Jornada a tiempo completo	De 2 a 3 SMI	Mujeres	2022	24,96
Jornada a tiempo completo	De 2 a 3 SMI	Mujeres	2021	25,47
Jornada a tiempo completo	De 2 a 3 SMI	Mujeres	2020	24,28
Jornada a tiempo completo	De 2 a 3 SMI	Mujeres	2019	24,93
Jornada a tiempo completo	De 2 a 3 SMI	Mujeres	2018	28,43
Jornada a tiempo completo	De 2 a 3 SMI	Mujeres	2017	29,44
Jornada a tiempo completo	De 2 a 3 SMI	Mujeres	2016	30,41
Jornada a tiempo completo	De 2 a 3 SMI	Mujeres	2015	31,28
Jornada a tiempo completo	De 2 a 3 SMI	Mujeres	2014	32,62
Jornada a tiempo completo	De 2 a 3 SMI	Mujeres	2013	30,99
Jornada a tiempo completo	De 2 a 3 SMI	Mujeres	2012	31,1
Jornada a tiempo completo	De 2 a 3 SMI	Mujeres	2011	31,19
Jornada a tiempo completo	De 2 a 3 SMI	Mujeres	2010	30,93
Jornada a tiempo completo	De 2 a 3 SMI	Mujeres	2009	29,97
Jornada a tiempo completo	De 2 a 3 SMI	Mujeres	2008	30,11
Jornada a tiempo completo	De 2 a 3 SMI	Hombres	2022	24,58
Jornada a tiempo completo	De 2 a 3 SMI	Hombres	2021	24,93
Jornada a tiempo completo	De 2 a 3 SMI	Hombres	2020	23,93
Jornada a tiempo completo	De 2 a 3 SMI	Hombres	2019	25,41
Jornada a tiempo completo	De 2 a 3 SMI	Hombres	2018	31,39
Jornada a tiempo completo	De 2 a 3 SMI	Hombres	2017	31,84
Jornada a tiempo completo	De 2 a 3 SMI	Hombres	2016	33,13
Jornada a tiempo completo	De 2 a 3 SMI	Hombres	2015	33,6
Jornada a tiempo completo	De 2 a 3 SMI	Hombres	2014	33,38
Jornada a tiempo completo	De 2 a 3 SMI	Hombres	2013	32,25
Jornada a tiempo completo	De 2 a 3 SMI	Hombres	2012	33,1
Jornada a tiempo completo	De 2 a 3 SMI	Hombres	2011	32,65
Jornada a tiempo completo	De 2 a 3 SMI	Hombres	2010	33,44
Jornada a tiempo completo	De 2 a 3 SMI	Hombres	2009	32,79
Jornada a tiempo completo	De 2 a 3 SMI	Hombres	2008	33,48
Jornada a tiempo completo	De 3 a 4 SMI	Ambos sexos	2022	10,51
Jornada a tiempo completo	De 3 a 4 SMI	Ambos sexos	2021	10,97
Jornada a tiempo completo	De 3 a 4 SMI	Ambos sexos	2020	10,44
Jornada a tiempo completo	De 3 a 4 SMI	Ambos sexos	2019	11,38
Jornada a tiempo completo	De 3 a 4 SMI	Ambos sexos	2018	15,2
Jornada a tiempo completo	De 3 a 4 SMI	Ambos sexos	2017	15,58
Jornada a tiempo completo	De 3 a 4 SMI	Ambos sexos	2016	16,66
Jornada a tiempo completo	De 3 a 4 SMI	Ambos sexos	2015	17,09
Jornada a tiempo completo	De 3 a 4 SMI	Ambos sexos	2014	17,26
Jornada a tiempo completo	De 3 a 4 SMI	Ambos sexos	2013	16,23
Jornada a tiempo completo	De 3 a 4 SMI	Ambos sexos	2012	16,3
Jornada a tiempo completo	De 3 a 4 SMI	Ambos sexos	2011	16,46
Jornada a tiempo completo	De 3 a 4 SMI	Ambos sexos	2010	16,14
Jornada a tiempo completo	De 3 a 4 SMI	Ambos sexos	2009	15,38
Jornada a tiempo completo	De 3 a 4 SMI	Ambos sexos	2008	15,36
Jornada a tiempo completo	De 3 a 4 SMI	Mujeres	2022	10,07
Jornada a tiempo completo	De 3 a 4 SMI	Mujeres	2021	9,9
Jornada a tiempo completo	De 3 a 4 SMI	Mujeres	2020	9,58
Jornada a tiempo completo	De 3 a 4 SMI	Mujeres	2019	10,41
Jornada a tiempo completo	De 3 a 4 SMI	Mujeres	2018	14,59
Jornada a tiempo completo	De 3 a 4 SMI	Mujeres	2017	14,83
Jornada a tiempo completo	De 3 a 4 SMI	Mujeres	2016	16,19
Jornada a tiempo completo	De 3 a 4 SMI	Mujeres	2015	16,42
Jornada a tiempo completo	De 3 a 4 SMI	Mujeres	2014	16,36
Jornada a tiempo completo	De 3 a 4 SMI	Mujeres	2013	14,71
Jornada a tiempo completo	De 3 a 4 SMI	Mujeres	2012	14,73
Jornada a tiempo completo	De 3 a 4 SMI	Mujeres	2011	15,41
Jornada a tiempo completo	De 3 a 4 SMI	Mujeres	2010	14,9
Jornada a tiempo completo	De 3 a 4 SMI	Mujeres	2009	13,98
Jornada a tiempo completo	De 3 a 4 SMI	Mujeres	2008	14,01
Jornada a tiempo completo	De 3 a 4 SMI	Hombres	2022	10,83
Jornada a tiempo completo	De 3 a 4 SMI	Hombres	2021	11,76
Jornada a tiempo completo	De 3 a 4 SMI	Hombres	2020	11,08
Jornada a tiempo completo	De 3 a 4 SMI	Hombres	2019	12,1
Jornada a tiempo completo	De 3 a 4 SMI	Hombres	2018	15,63
Jornada a tiempo completo	De 3 a 4 SMI	Hombres	2017	16,12
Jornada a tiempo completo	De 3 a 4 SMI	Hombres	2016	16,99
Jornada a tiempo completo	De 3 a 4 SMI	Hombres	2015	17,58
Jornada a tiempo completo	De 3 a 4 SMI	Hombres	2014	17,9
Jornada a tiempo completo	De 3 a 4 SMI	Hombres	2013	17,37
Jornada a tiempo completo	De 3 a 4 SMI	Hombres	2012	17,46
Jornada a tiempo completo	De 3 a 4 SMI	Hombres	2011	17,2
Jornada a tiempo completo	De 3 a 4 SMI	Hombres	2010	17
Jornada a tiempo completo	De 3 a 4 SMI	Hombres	2009	16,33
Jornada a tiempo completo	De 3 a 4 SMI	Hombres	2008	16,23
Jornada a tiempo completo	De 4 a 5 SMI	Ambos sexos	2022	4,34
Jornada a tiempo completo	De 4 a 5 SMI	Ambos sexos	2021	4,13
Jornada a tiempo completo	De 4 a 5 SMI	Ambos sexos	2020	4,05
Jornada a tiempo completo	De 4 a 5 SMI	Ambos sexos	2019	4,28
Jornada a tiempo completo	De 4 a 5 SMI	Ambos sexos	2018	7,17
Jornada a tiempo completo	De 4 a 5 SMI	Ambos sexos	2017	7,89
Jornada a tiempo completo	De 4 a 5 SMI	Ambos sexos	2016	9,2
Jornada a tiempo completo	De 4 a 5 SMI	Ambos sexos	2015	9,76
Jornada a tiempo completo	De 4 a 5 SMI	Ambos sexos	2014	9,22
Jornada a tiempo completo	De 4 a 5 SMI	Ambos sexos	2013	9,01
Jornada a tiempo completo	De 4 a 5 SMI	Ambos sexos	2012	8,49
Jornada a tiempo completo	De 4 a 5 SMI	Ambos sexos	2011	9,11
Jornada a tiempo completo	De 4 a 5 SMI	Ambos sexos	2010	8,77
Jornada a tiempo completo	De 4 a 5 SMI	Ambos sexos	2009	9,17
Jornada a tiempo completo	De 4 a 5 SMI	Ambos sexos	2008	8,59
Jornada a tiempo completo	De 4 a 5 SMI	Mujeres	2022	3,88
Jornada a tiempo completo	De 4 a 5 SMI	Mujeres	2021	3,44
Jornada a tiempo completo	De 4 a 5 SMI	Mujeres	2020	3,48
Jornada a tiempo completo	De 4 a 5 SMI	Mujeres	2019	3,76
Jornada a tiempo completo	De 4 a 5 SMI	Mujeres	2018	6,42
Jornada a tiempo completo	De 4 a 5 SMI	Mujeres	2017	6,61
Jornada a tiempo completo	De 4 a 5 SMI	Mujeres	2016	7,97
Jornada a tiempo completo	De 4 a 5 SMI	Mujeres	2015	8,38
Jornada a tiempo completo	De 4 a 5 SMI	Mujeres	2014	8,13
Jornada a tiempo completo	De 4 a 5 SMI	Mujeres	2013	7,43
Jornada a tiempo completo	De 4 a 5 SMI	Mujeres	2012	6,92
Jornada a tiempo completo	De 4 a 5 SMI	Mujeres	2011	7,73
Jornada a tiempo completo	De 4 a 5 SMI	Mujeres	2010	7,82
Jornada a tiempo completo	De 4 a 5 SMI	Mujeres	2009	8,29
Jornada a tiempo completo	De 4 a 5 SMI	Mujeres	2008	7,51
Jornada a tiempo completo	De 4 a 5 SMI	Hombres	2022	4,68
Jornada a tiempo completo	De 4 a 5 SMI	Hombres	2021	4,64
Jornada a tiempo completo	De 4 a 5 SMI	Hombres	2020	4,47
Jornada a tiempo completo	De 4 a 5 SMI	Hombres	2019	4,67
Jornada a tiempo completo	De 4 a 5 SMI	Hombres	2018	7,71
Jornada a tiempo completo	De 4 a 5 SMI	Hombres	2017	8,8
Jornada a tiempo completo	De 4 a 5 SMI	Hombres	2016	10,09
Jornada a tiempo completo	De 4 a 5 SMI	Hombres	2015	10,77
Jornada a tiempo completo	De 4 a 5 SMI	Hombres	2014	9,99
Jornada a tiempo completo	De 4 a 5 SMI	Hombres	2013	10,19
Jornada a tiempo completo	De 4 a 5 SMI	Hombres	2012	9,66
Jornada a tiempo completo	De 4 a 5 SMI	Hombres	2011	10,09
Jornada a tiempo completo	De 4 a 5 SMI	Hombres	2010	9,43
Jornada a tiempo completo	De 4 a 5 SMI	Hombres	2009	9,76
Jornada a tiempo completo	De 4 a 5 SMI	Hombres	2008	9,28
Jornada a tiempo completo	De 5 a 6 SMI	Ambos sexos	2022	2,15
Jornada a tiempo completo	De 5 a 6 SMI	Ambos sexos	2021	2,16
Jornada a tiempo completo	De 5 a 6 SMI	Ambos sexos	2020	2,1
Jornada a tiempo completo	De 5 a 6 SMI	Ambos sexos	2019	2,28
Jornada a tiempo completo	De 5 a 6 SMI	Ambos sexos	2018	3,6
Jornada a tiempo completo	De 5 a 6 SMI	Ambos sexos	2017	3,41
Jornada a tiempo completo	De 5 a 6 SMI	Ambos sexos	2016	4,01
Jornada a tiempo completo	De 5 a 6 SMI	Ambos sexos	2015	4,07
Jornada a tiempo completo	De 5 a 6 SMI	Ambos sexos	2014	4,32
Jornada a tiempo completo	De 5 a 6 SMI	Ambos sexos	2013	4,05
Jornada a tiempo completo	De 5 a 6 SMI	Ambos sexos	2012	4,05
Jornada a tiempo completo	De 5 a 6 SMI	Ambos sexos	2011	3,85
Jornada a tiempo completo	De 5 a 6 SMI	Ambos sexos	2010	4,11
Jornada a tiempo completo	De 5 a 6 SMI	Ambos sexos	2009	4,06
Jornada a tiempo completo	De 5 a 6 SMI	Ambos sexos	2008	3,94
Jornada a tiempo completo	De 5 a 6 SMI	Mujeres	2022	1,84
Jornada a tiempo completo	De 5 a 6 SMI	Mujeres	2021	1,81
Jornada a tiempo completo	De 5 a 6 SMI	Mujeres	2020	1,65
Jornada a tiempo completo	De 5 a 6 SMI	Mujeres	2019	1,83
Jornada a tiempo completo	De 5 a 6 SMI	Mujeres	2018	2,86
Jornada a tiempo completo	De 5 a 6 SMI	Mujeres	2017	2,78
Jornada a tiempo completo	De 5 a 6 SMI	Mujeres	2016	3,21
Jornada a tiempo completo	De 5 a 6 SMI	Mujeres	2015	3,29
Jornada a tiempo completo	De 5 a 6 SMI	Mujeres	2014	3,51
Jornada a tiempo completo	De 5 a 6 SMI	Mujeres	2013	3,16
Jornada a tiempo completo	De 5 a 6 SMI	Mujeres	2012	3,03
Jornada a tiempo completo	De 5 a 6 SMI	Mujeres	2011	2,76
Jornada a tiempo completo	De 5 a 6 SMI	Mujeres	2010	3,27
Jornada a tiempo completo	De 5 a 6 SMI	Mujeres	2009	3,31
Jornada a tiempo completo	De 5 a 6 SMI	Mujeres	2008	3,17
Jornada a tiempo completo	De 5 a 6 SMI	Hombres	2022	2,38
Jornada a tiempo completo	De 5 a 6 SMI	Hombres	2021	2,42
Jornada a tiempo completo	De 5 a 6 SMI	Hombres	2020	2,43
Jornada a tiempo completo	De 5 a 6 SMI	Hombres	2019	2,62
Jornada a tiempo completo	De 5 a 6 SMI	Hombres	2018	4,13
Jornada a tiempo completo	De 5 a 6 SMI	Hombres	2017	3,85
Jornada a tiempo completo	De 5 a 6 SMI	Hombres	2016	4,59
Jornada a tiempo completo	De 5 a 6 SMI	Hombres	2015	4,65
Jornada a tiempo completo	De 5 a 6 SMI	Hombres	2014	4,88
Jornada a tiempo completo	De 5 a 6 SMI	Hombres	2013	4,72
Jornada a tiempo completo	De 5 a 6 SMI	Hombres	2012	4,81
Jornada a tiempo completo	De 5 a 6 SMI	Hombres	2011	4,62
Jornada a tiempo completo	De 5 a 6 SMI	Hombres	2010	4,69
Jornada a tiempo completo	De 5 a 6 SMI	Hombres	2009	4,57
Jornada a tiempo completo	De 5 a 6 SMI	Hombres	2008	4,43
Jornada a tiempo completo	De 6 a 7 SMI	Ambos sexos	2022	1,07
Jornada a tiempo completo	De 6 a 7 SMI	Ambos sexos	2021	1,16
Jornada a tiempo completo	De 6 a 7 SMI	Ambos sexos	2020	1,02
Jornada a tiempo completo	De 6 a 7 SMI	Ambos sexos	2019	1,12
Jornada a tiempo completo	De 6 a 7 SMI	Ambos sexos	2018	2,03
Jornada a tiempo completo	De 6 a 7 SMI	Ambos sexos	2017	2,09
Jornada a tiempo completo	De 6 a 7 SMI	Ambos sexos	2016	2,39
Jornada a tiempo completo	De 6 a 7 SMI	Ambos sexos	2015	2,34
Jornada a tiempo completo	De 6 a 7 SMI	Ambos sexos	2014	2,48
Jornada a tiempo completo	De 6 a 7 SMI	Ambos sexos	2013	2,41
Jornada a tiempo completo	De 6 a 7 SMI	Ambos sexos	2012	2,41
Jornada a tiempo completo	De 6 a 7 SMI	Ambos sexos	2011	2,37
Jornada a tiempo completo	De 6 a 7 SMI	Ambos sexos	2010	2,39
Jornada a tiempo completo	De 6 a 7 SMI	Ambos sexos	2009	2,21
Jornada a tiempo completo	De 6 a 7 SMI	Ambos sexos	2008	2,09
Jornada a tiempo completo	De 6 a 7 SMI	Mujeres	2022	0,9
Jornada a tiempo completo	De 6 a 7 SMI	Mujeres	2021	0,93
Jornada a tiempo completo	De 6 a 7 SMI	Mujeres	2020	0,81
Jornada a tiempo completo	De 6 a 7 SMI	Mujeres	2019	0,87
Jornada a tiempo completo	De 6 a 7 SMI	Mujeres	2018	1,64
Jornada a tiempo completo	De 6 a 7 SMI	Mujeres	2017	1,67
Jornada a tiempo completo	De 6 a 7 SMI	Mujeres	2016	1,83
Jornada a tiempo completo	De 6 a 7 SMI	Mujeres	2015	1,85
Jornada a tiempo completo	De 6 a 7 SMI	Mujeres	2014	1,96
Jornada a tiempo completo	De 6 a 7 SMI	Mujeres	2013	1,64
Jornada a tiempo completo	De 6 a 7 SMI	Mujeres	2012	1,68
Jornada a tiempo completo	De 6 a 7 SMI	Mujeres	2011	1,69
Jornada a tiempo completo	De 6 a 7 SMI	Mujeres	2010	1,77
Jornada a tiempo completo	De 6 a 7 SMI	Mujeres	2009	1,51
Jornada a tiempo completo	De 6 a 7 SMI	Mujeres	2008	1,4
Jornada a tiempo completo	De 6 a 7 SMI	Hombres	2022	1,19
Jornada a tiempo completo	De 6 a 7 SMI	Hombres	2021	1,32
Jornada a tiempo completo	De 6 a 7 SMI	Hombres	2020	1,17
Jornada a tiempo completo	De 6 a 7 SMI	Hombres	2019	1,3
Jornada a tiempo completo	De 6 a 7 SMI	Hombres	2018	2,31
Jornada a tiempo completo	De 6 a 7 SMI	Hombres	2017	2,38
Jornada a tiempo completo	De 6 a 7 SMI	Hombres	2016	2,8
Jornada a tiempo completo	De 6 a 7 SMI	Hombres	2015	2,7
Jornada a tiempo completo	De 6 a 7 SMI	Hombres	2014	2,86
Jornada a tiempo completo	De 6 a 7 SMI	Hombres	2013	2,99
Jornada a tiempo completo	De 6 a 7 SMI	Hombres	2012	2,96
Jornada a tiempo completo	De 6 a 7 SMI	Hombres	2011	2,85
Jornada a tiempo completo	De 6 a 7 SMI	Hombres	2010	2,82
Jornada a tiempo completo	De 6 a 7 SMI	Hombres	2009	2,68
Jornada a tiempo completo	De 6 a 7 SMI	Hombres	2008	2,54
Jornada a tiempo completo	De 7 a 8 SMI	Ambos sexos	2022	0,51
Jornada a tiempo completo	De 7 a 8 SMI	Ambos sexos	2021	0,4
Jornada a tiempo completo	De 7 a 8 SMI	Ambos sexos	2020	0,31
Jornada a tiempo completo	De 7 a 8 SMI	Ambos sexos	2019	0,48
Jornada a tiempo completo	De 7 a 8 SMI	Ambos sexos	2018	1,15
Jornada a tiempo completo	De 7 a 8 SMI	Ambos sexos	2017	1,2
Jornada a tiempo completo	De 7 a 8 SMI	Ambos sexos	2016	1,44
Jornada a tiempo completo	De 7 a 8 SMI	Ambos sexos	2015	1,57
Jornada a tiempo completo	De 7 a 8 SMI	Ambos sexos	2014	1,45
Jornada a tiempo completo	De 7 a 8 SMI	Ambos sexos	2013	1,43
Jornada a tiempo completo	De 7 a 8 SMI	Ambos sexos	2012	1,45
Jornada a tiempo completo	De 7 a 8 SMI	Ambos sexos	2011	1,3
Jornada a tiempo completo	De 7 a 8 SMI	Ambos sexos	2010	1,45
Jornada a tiempo completo	De 7 a 8 SMI	Ambos sexos	2009	1,37
Jornada a tiempo completo	De 7 a 8 SMI	Ambos sexos	2008	1,36
Jornada a tiempo completo	De 7 a 8 SMI	Mujeres	2022	0,38
Jornada a tiempo completo	De 7 a 8 SMI	Mujeres	2021	0,26
Jornada a tiempo completo	De 7 a 8 SMI	Mujeres	2020	0,22
Jornada a tiempo completo	De 7 a 8 SMI	Mujeres	2019	0,36
Jornada a tiempo completo	De 7 a 8 SMI	Mujeres	2018	0,97
Jornada a tiempo completo	De 7 a 8 SMI	Mujeres	2017	0,89
Jornada a tiempo completo	De 7 a 8 SMI	Mujeres	2016	0,99
Jornada a tiempo completo	De 7 a 8 SMI	Mujeres	2015	1,16
Jornada a tiempo completo	De 7 a 8 SMI	Mujeres	2014	1,08
Jornada a tiempo completo	De 7 a 8 SMI	Mujeres	2013	1,05
Jornada a tiempo completo	De 7 a 8 SMI	Mujeres	2012	0,95
Jornada a tiempo completo	De 7 a 8 SMI	Mujeres	2011	0,76
Jornada a tiempo completo	De 7 a 8 SMI	Mujeres	2010	1,03
Jornada a tiempo completo	De 7 a 8 SMI	Mujeres	2009	0,91
Jornada a tiempo completo	De 7 a 8 SMI	Mujeres	2008	0,98
Jornada a tiempo completo	De 7 a 8 SMI	Hombres	2022	0,61
Jornada a tiempo completo	De 7 a 8 SMI	Hombres	2021	0,51
Jornada a tiempo completo	De 7 a 8 SMI	Hombres	2020	0,37
Jornada a tiempo completo	De 7 a 8 SMI	Hombres	2019	0,56
Jornada a tiempo completo	De 7 a 8 SMI	Hombres	2018	1,28
Jornada a tiempo completo	De 7 a 8 SMI	Hombres	2017	1,42
Jornada a tiempo completo	De 7 a 8 SMI	Hombres	2016	1,77
Jornada a tiempo completo	De 7 a 8 SMI	Hombres	2015	1,87
Jornada a tiempo completo	De 7 a 8 SMI	Hombres	2014	1,71
Jornada a tiempo completo	De 7 a 8 SMI	Hombres	2013	1,72
Jornada a tiempo completo	De 7 a 8 SMI	Hombres	2012	1,83
Jornada a tiempo completo	De 7 a 8 SMI	Hombres	2011	1,68
Jornada a tiempo completo	De 7 a 8 SMI	Hombres	2010	1,73
Jornada a tiempo completo	De 7 a 8 SMI	Hombres	2009	1,68
Jornada a tiempo completo	De 7 a 8 SMI	Hombres	2008	1,61
Jornada a tiempo completo	Más de 8 SMI	Ambos sexos	2022	0,18
Jornada a tiempo completo	Más de 8 SMI	Ambos sexos	2021	0,18
Jornada a tiempo completo	Más de 8 SMI	Ambos sexos	2020	0,17
Jornada a tiempo completo	Más de 8 SMI	Ambos sexos	2019	0,21
Jornada a tiempo completo	Más de 8 SMI	Ambos sexos	2018	1,11
Jornada a tiempo completo	Más de 8 SMI	Ambos sexos	2017	1,16
Jornada a tiempo completo	Más de 8 SMI	Ambos sexos	2016	1,7
Jornada a tiempo completo	Más de 8 SMI	Ambos sexos	2015	1,68
Jornada a tiempo completo	Más de 8 SMI	Ambos sexos	2014	1,71
Jornada a tiempo completo	Más de 8 SMI	Ambos sexos	2013	1,77
Jornada a tiempo completo	Más de 8 SMI	Ambos sexos	2012	1,74
Jornada a tiempo completo	Más de 8 SMI	Ambos sexos	2011	1,55
Jornada a tiempo completo	Más de 8 SMI	Ambos sexos	2010	1,73
Jornada a tiempo completo	Más de 8 SMI	Ambos sexos	2009	1,36
Jornada a tiempo completo	Más de 8 SMI	Ambos sexos	2008	1,66
Jornada a tiempo completo	Más de 8 SMI	Mujeres	2022	0,09
Jornada a tiempo completo	Más de 8 SMI	Mujeres	2021	0,09
Jornada a tiempo completo	Más de 8 SMI	Mujeres	2020	0,08
Jornada a tiempo completo	Más de 8 SMI	Mujeres	2019	0,09
Jornada a tiempo completo	Más de 8 SMI	Mujeres	2018	0,68
Jornada a tiempo completo	Más de 8 SMI	Mujeres	2017	0,72
Jornada a tiempo completo	Más de 8 SMI	Mujeres	2016	1,06
Jornada a tiempo completo	Más de 8 SMI	Mujeres	2015	1,09
Jornada a tiempo completo	Más de 8 SMI	Mujeres	2014	1,01
Jornada a tiempo completo	Más de 8 SMI	Mujeres	2013	1,01
Jornada a tiempo completo	Más de 8 SMI	Mujeres	2012	1,04
Jornada a tiempo completo	Más de 8 SMI	Mujeres	2011	0,88
Jornada a tiempo completo	Más de 8 SMI	Mujeres	2010	1,1
Jornada a tiempo completo	Más de 8 SMI	Mujeres	2009	0,63
Jornada a tiempo completo	Más de 8 SMI	Mujeres	2008	0,96
Jornada a tiempo completo	Más de 8 SMI	Hombres	2022	0,24
Jornada a tiempo completo	Más de 8 SMI	Hombres	2021	0,25
Jornada a tiempo completo	Más de 8 SMI	Hombres	2020	0,24
Jornada a tiempo completo	Más de 8 SMI	Hombres	2019	0,3
Jornada a tiempo completo	Más de 8 SMI	Hombres	2018	1,42
Jornada a tiempo completo	Más de 8 SMI	Hombres	2017	1,47
Jornada a tiempo completo	Más de 8 SMI	Hombres	2016	2,17
Jornada a tiempo completo	Más de 8 SMI	Hombres	2015	2,12
Jornada a tiempo completo	Más de 8 SMI	Hombres	2014	2,21
Jornada a tiempo completo	Más de 8 SMI	Hombres	2013	2,33
Jornada a tiempo completo	Más de 8 SMI	Hombres	2012	2,26
Jornada a tiempo completo	Más de 8 SMI	Hombres	2011	2,03
Jornada a tiempo completo	Más de 8 SMI	Hombres	2010	2,17
Jornada a tiempo completo	Más de 8 SMI	Hombres	2009	1,86
Jornada a tiempo completo	Más de 8 SMI	Hombres	2008	2,12
